-- MySQL dump 10.13  Distrib 8.0.45, for Linux (x86_64)
--
-- Host: localhost    Database: closetory
-- ------------------------------------------------------
-- Server version	8.0.45

/*!40101 SET @OLD_CHARACTER_SET_CLIENT=@@CHARACTER_SET_CLIENT */;
/*!40101 SET @OLD_CHARACTER_SET_RESULTS=@@CHARACTER_SET_RESULTS */;
/*!40101 SET @OLD_COLLATION_CONNECTION=@@COLLATION_CONNECTION */;
/*!50503 SET NAMES utf8mb4 */;
/*!40103 SET @OLD_TIME_ZONE=@@TIME_ZONE */;
/*!40103 SET TIME_ZONE='+00:00' */;
/*!40014 SET @OLD_UNIQUE_CHECKS=@@UNIQUE_CHECKS, UNIQUE_CHECKS=0 */;
/*!40014 SET @OLD_FOREIGN_KEY_CHECKS=@@FOREIGN_KEY_CHECKS, FOREIGN_KEY_CHECKS=0 */;
/*!40101 SET @OLD_SQL_MODE=@@SQL_MODE, SQL_MODE='NO_AUTO_VALUE_ON_ZERO' */;
/*!40111 SET @OLD_SQL_NOTES=@@SQL_NOTES, SQL_NOTES=0 */;

--
-- Table structure for table `clothes`
--

DROP TABLE IF EXISTS `clothes`;
/*!40101 SET @saved_cs_client     = @@character_set_client */;
/*!50503 SET character_set_client = utf8mb4 */;
CREATE TABLE `clothes` (
  `id` int NOT NULL AUTO_INCREMENT,
  `photo_url` varchar(255) NOT NULL,
  `clothes_type` enum('TOP','BOTTOM','ACCESSORIES','BAG','OUTER','SHOES') NOT NULL,
  `color` enum('BLACK','WHITE','GRAY','IVORY','NAVY','BLUE','GREEN','KHAKI','BROWN','PINK','RED','ORANGE','YELLOW','PURPLE') NOT NULL,
  `user_id` int NOT NULL,
  `created_at` datetime NOT NULL,
  `deleted_at` datetime DEFAULT NULL,
  PRIMARY KEY (`id`),
  KEY `IDX_clothes_user_id` (`user_id`),
  CONSTRAINT `FK_clothes_user` FOREIGN KEY (`user_id`) REFERENCES `users` (`id`)
) ENGINE=InnoDB AUTO_INCREMENT=351 DEFAULT CHARSET=utf8mb4 COLLATE=utf8mb4_0900_ai_ci;
/*!40101 SET character_set_client = @saved_cs_client */;

--
-- Dumping data for table `clothes`
--

LOCK TABLES `clothes` WRITE;
/*!40000 ALTER TABLE `clothes` DISABLE KEYS */;
INSERT INTO `clothes` VALUES (1,'https://www.wishbucket.io/_next/image?url=https%3A%2F%2Fd2gfz7wkiigkmv.cloudfront.net%2Fpickin%2F2%2F1%2F2%2FdIL0v4a2QOijXEPTWDJk2A&w=1080&q=75','TOP','WHITE',1,'2026-01-21 11:32:51','2026-01-29 10:23:17'),(2,'https://m.plus82gallery.com/web/product/big/202110/73bf58d1e0d22f5986bf56458fdd5253.jpg','TOP','BLACK',1,'2026-01-21 11:32:51','2026-01-28 23:59:58'),(3,'https://encrypted-tbn0.gstatic.com/shopping?q=tbn:ANd9GcQ6fZQMJ7YC2pAJiGRXKYHLgpNC2SdImtL2PLtYPaocgsgtChUygsxXG4uPSCMjPRl8d-LTy-iO6dJv2NRq3gwtLKGQZn-0rfyuoNKlTrdEreRZskUAPKEe8Jb_NbQ0N0RpXWWTcA&usqp=CAc','TOP','PINK',1,'2026-01-21 11:32:51',NULL),(4,'https://encrypted-tbn2.gstatic.com/shopping?q=tbn:ANd9GcR3AOya6iBRJd_mhgRAfmE2ienRebo0dbfFTXUgOJasYo-2LkLhMsUvUYc4E9KN9u-pw3q8xap1XnTNSjQl6qxUwuny2j5KnmmVMfpHogBt-Pu3mH-ee7tNo2TSdb6iiAc5OnPkKw&usqp=CAc','BOTTOM','BLACK',1,'2026-01-21 11:32:51',NULL),(5,'https://img.goodwearmall.com/goods/PHE4PP/PHE4PP1776CH_M.jpg','BOTTOM','GRAY',1,'2026-01-21 11:32:51','2026-01-30 13:46:17'),(6,'https://item.elandrs.com/r/image/item/2024-08-29/4c1a4fa2-e778-434a-abcf-d749b4bd7d10.jpg?w=&h=500&q=100','BOTTOM','BLACK',1,'2026-01-21 11:32:51',NULL),(7,'https://img.freepik.com/premium-vector/red-cap-mockup-realistic-style-vector-illustration_595175-74.jpg','ACCESSORIES','RED',1,'2026-01-21 11:32:51',NULL),(8,'https://cafe24.poxo.com/ec01/hilightbrands/YepDBcpQi6F1EGuL9rzRwR53sSufS+QhClnCKjH6CrAE2OS/Wab2T/eCnkT85MIVQQY6EDXfaE7XuM3A6ZW05w==/_/web/product/small/202409/c70194c4f91659df1b35852c0265c117.jpg','ACCESSORIES','BLACK',1,'2026-01-21 11:32:51',NULL),(9,'https://png.pngtree.com/png-clipart/20250428/original/pngtree-purple-scarf-png-image_20868089.png','ACCESSORIES','PURPLE',1,'2026-01-21 11:32:51',NULL),(10,'https://m.qualpack.co.kr/web/product/big/202507/fc35d95cf3c5e15d8cfae832f16850d3.jpg','BAG','BLACK',1,'2026-01-21 11:32:51',NULL),(11,'https://mclanee.co.kr/web/product/big/202308/d268ce64259ebd802849104b535f94c5.jpg','BAG','PINK',1,'2026-01-21 11:32:51',NULL),(12,'https://image.hm.com/assets/hm/63/3a/633a36d752058c286987fb6d1c7a3a969d7f2e1f.jpg?imwidth=2160','OUTER','BLACK',1,'2026-01-21 11:32:51','2026-01-29 10:22:50'),(13,'https://closetory-s3.s3.ap-northeast-2.amazonaws.com/images/d3fe8072-6339-487b-93ca-d6699cbc5ae8-shoes2.png','SHOES','WHITE',1,'2026-01-26 16:52:51',NULL),(14,'https://closetory-s3.s3.ap-northeast-2.amazonaws.com/images/4476af31-7c69-4bdc-8fb4-7d49bbaf2ac1-result.png','TOP','BLUE',21,'2026-01-29 15:17:13',NULL),(15,'https://closetory-s3.s3.ap-northeast-2.amazonaws.com/images/0068be60-6fd1-4216-8fc4-ede2379286d7-top.png','TOP','BLUE',21,'2026-01-29 15:18:06',NULL),(16,'https://closetory-s3.s3.ap-northeast-2.amazonaws.com/images/7fa58dba-d676-474d-b76a-bf79f1b94323-bottom.png','BOTTOM','BLACK',21,'2026-01-29 15:34:40',NULL),(17,'https://closetory-s3.s3.ap-northeast-2.amazonaws.com/images/f1f8a195-9e33-4801-9b43-03a9d89b0ad8-bottom1.png','BOTTOM','BLUE',21,'2026-01-29 15:37:43','2026-02-07 10:47:56'),(18,'https://closetory-s3.s3.ap-northeast-2.amazonaws.com/images/03c97254-c25a-46c8-8498-2271bc8adcfa-shoes.png','SHOES','BLUE',21,'2026-01-29 15:40:36',NULL),(19,'https://closetory-s3.s3.ap-northeast-2.amazonaws.com/images/054c66de-63e8-467b-8ae9-3a7b5f3f5cda-shoes1.png','SHOES','BLACK',21,'2026-01-29 15:42:19',NULL),(20,'https://closetory-s3.s3.ap-northeast-2.amazonaws.com/images/57985cda-e321-4834-9dba-021103b24693-outer.png','OUTER','BLACK',21,'2026-01-29 15:46:09',NULL),(21,'https://closetory-s3.s3.ap-northeast-2.amazonaws.com/images/09e71b2e-1671-4e67-a8ad-d649df1460a5-outer1.png','OUTER','BLACK',21,'2026-01-29 15:46:48',NULL),(22,'https://closetory-s3.s3.ap-northeast-2.amazonaws.com/images/96ff47c6-55d9-420a-8300-8a38544160fb-cap.png','ACCESSORIES','BLUE',21,'2026-01-29 15:51:40',NULL),(23,'https://closetory-s3.s3.ap-northeast-2.amazonaws.com/images/54778486-c578-4b34-9526-39218bd33b58-bag.png','BAG','BLACK',21,'2026-01-29 15:53:07',NULL),(107,'https://closetory-s3.s3.ap-northeast-2.amazonaws.com/images/aae55d7b-719d-4f7b-9c3c-7e962aef96a7-흰후드2.webp','TOP','WHITE',1,'2026-01-23 17:08:06',NULL),(108,'https://closetory-s3.s3.ap-northeast-2.amazonaws.com/images/50fe4f34-4129-4704-94ef-8f3960ef2c25-산타.jpg','TOP','RED',1,'2026-01-23 17:11:33','2026-01-26 16:17:56'),(109,'https://closetory-s3.s3.ap-northeast-2.amazonaws.com/images/53c1ce42-a3f0-44b5-b393-ae33e29d3fc9-후드티.webp','TOP','BLACK',1,'2026-01-23 17:42:25','2026-01-26 16:17:19'),(110,'https://closetory-s3.s3.ap-northeast-2.amazonaws.com/images/442b6110-bcb7-4cd2-8aa4-62db5528c63f-result.png','TOP','BLUE',1,'2026-01-28 10:46:59','2026-01-29 10:22:58'),(111,'https://encrypted-tbn3.gstatic.com/shopping?q=tbn:ANd9GcTxYUKcm-4RJtrDultwqkTFgOXiFdzmVxzLvZKlgg-hkkid8zlM9KoZFW3l0dbRykihlGgQTqS718arQVo3Fj9uFeReqfaKOdQFVPfsXcB4dUt9X4kasr5NFULlCQGu3PV02ks5RMzf&usqp=CAc','TOP','GRAY',1,'2026-01-28 16:35:53',NULL),(112,'https://closetory-s3.s3.ap-northeast-2.amazonaws.com/images/72661ec1-33ae-4fa4-88ae-e06e0f57130b-result.png','ACCESSORIES','YELLOW',1,'2026-01-28 18:03:35','2026-01-29 00:20:23'),(113,'https://closetory-s3.s3.ap-northeast-2.amazonaws.com/images/8b6d0f77-e84e-41a9-aa7d-b1321d31f7e6-result.png','SHOES','ORANGE',1,'2026-01-28 21:38:51','2026-01-29 00:20:20'),(114,'https://closetory-s3.s3.ap-northeast-2.amazonaws.com/images/7a1df9ea-6075-46e5-beb1-04d56574c0bb-result.png','TOP','YELLOW',1,'2026-01-28 21:42:19',NULL),(115,'https://closetory-s3.s3.ap-northeast-2.amazonaws.com/images/067f29ee-5ef2-47ef-a172-c5b865092300-result.png','BOTTOM','YELLOW',1,'2026-01-28 22:01:19','2026-01-29 10:22:43'),(116,'https://closetory-s3.s3.ap-northeast-2.amazonaws.com/images/3b8231c7-e9c0-4430-bbe8-894903a597b6-result.png','BOTTOM','WHITE',1,'2026-01-28 22:04:02','2026-01-29 00:13:34'),(117,'https://closetory-s3.s3.ap-northeast-2.amazonaws.com/images/c58eaa12-05f4-408f-aec0-da7e221d0367-result.png','ACCESSORIES','YELLOW',1,'2026-01-28 22:04:50','2026-01-30 12:12:20'),(118,'https://closetory-s3.s3.ap-northeast-2.amazonaws.com/images/e8e86926-cfef-418b-9efa-e105261ceac2-result.png','BOTTOM','BLUE',1,'2026-01-28 23:49:11','2026-01-29 00:20:11'),(119,'https://closetory-s3.s3.ap-northeast-2.amazonaws.com/images/d5cb9311-ee73-46c5-8eea-6aaad8a6f617-result.png','BOTTOM','YELLOW',1,'2026-01-29 00:36:31','2026-01-29 00:38:27'),(120,'https://closetory-s3.s3.ap-northeast-2.amazonaws.com/images/5e9db3ff-a463-45ed-8785-038923cc4779-result.png','OUTER','YELLOW',1,'2026-01-29 00:44:03','2026-01-29 00:44:55'),(121,'https://closetory-s3.s3.ap-northeast-2.amazonaws.com/images/a0e7b4de-0a05-42b0-abda-048f17b28a61-result.png','BOTTOM','YELLOW',1,'2026-01-29 10:20:25','2026-01-29 10:22:27'),(122,'https://closetory-s3.s3.ap-northeast-2.amazonaws.com/images/befbf189-b96f-4d1f-a596-78d01181a284-result.png','TOP','GREEN',1,'2026-01-29 10:23:32','2026-01-29 10:23:43'),(125,'https://closetory-s3.s3.ap-northeast-2.amazonaws.com/images/3a7048a1-9134-4955-8ba9-f7153aa19133-result.png','OUTER','PURPLE',1,'2026-01-29 13:10:28','2026-01-29 17:40:25'),(126,'https://closetory-s3.s3.ap-northeast-2.amazonaws.com/images/f4774ad0-441c-4660-bd70-82fd4371c51e-result.png','TOP','GREEN',1,'2026-01-29 16:53:07','2026-01-30 12:12:14'),(127,'https://closetory-s3.s3.ap-northeast-2.amazonaws.com/images/5a11e17d-43a6-45d9-8ade-7f787cdc66f6-bottom.png','BOTTOM','BLACK',21,'2026-01-29 17:20:13','2026-02-07 10:48:00'),(128,'https://closetory-s3.s3.ap-northeast-2.amazonaws.com/images/0dac5af6-37d2-41ba-aedd-257b9d32aa30-result.png','BOTTOM','YELLOW',1,'2026-01-29 17:36:52','2026-01-29 17:39:26'),(129,'https://closetory-s3.s3.ap-northeast-2.amazonaws.com/images/06205439-c599-4437-b5c2-a588d00b20bb-result.png','BOTTOM','WHITE',1,'2026-01-29 17:40:42','2026-01-29 20:04:00'),(130,'https://closetory-s3.s3.ap-northeast-2.amazonaws.com/images/aecb9564-4f52-4634-a3f0-9aee76ca8719-result.png','BOTTOM','WHITE',1,'2026-01-29 17:41:41','2026-01-29 20:04:03'),(131,'https://closetory-s3.s3.ap-northeast-2.amazonaws.com/images/66121902-2e4c-4005-9cfe-21a3c10d0b5c-result.png','BOTTOM','ORANGE',1,'2026-01-29 17:45:17','2026-01-29 20:04:07'),(132,'https://closetory-s3.s3.ap-northeast-2.amazonaws.com/images/598da10e-66e9-466c-a678-3566748fda0e-bottom1.png','BOTTOM','BLACK',21,'2026-01-29 21:05:59',NULL),(133,'https://closetory-s3.s3.ap-northeast-2.amazonaws.com/images/13c679af-eec0-48a3-af38-82e067e911ac-result.png','BOTTOM','BLACK',1,'2026-01-30 10:57:30','2026-01-30 10:57:52'),(134,'https://closetory-s3.s3.ap-northeast-2.amazonaws.com/images/cf44869e-2bf5-415d-a08a-33dd4d2cd3f4-result.png','BOTTOM','WHITE',1,'2026-01-30 10:58:03','2026-01-30 10:58:09'),(135,'https://closetory-s3.s3.ap-northeast-2.amazonaws.com/images/b1136e07-09b6-4125-9aca-7c82bfd0f9ef-result.png','BOTTOM','GREEN',1,'2026-01-30 13:28:50','2026-01-30 13:29:01'),(136,'https://closetory-s3.s3.ap-northeast-2.amazonaws.com/images/754b0b2b-1996-4616-b10b-3ccb1da85ed8-result.png','TOP','YELLOW',1,'2026-01-30 13:45:53','2026-01-30 13:46:04'),(137,'https://closetory-s3.s3.ap-northeast-2.amazonaws.com/images/cfb6ddfb-fbb4-4706-a089-286dcf42fb3c-result.png','BOTTOM','BLACK',1,'2026-02-02 01:17:32','2026-02-02 02:05:28'),(140,'https://closetory-s3.s3.ap-northeast-2.amazonaws.com/images/af96b659-f2b8-4378-afbe-17c5aa03d6e4-result.png','BOTTOM','GRAY',1,'2026-02-03 12:49:05','2026-02-03 15:59:22'),(141,'https://closetory-s3.s3.ap-northeast-2.amazonaws.com/images/54b59ab9-3782-4c23-ad35-b832f8c5bb7d-result.png','OUTER','NAVY',1,'2026-02-03 23:46:46','2026-02-05 13:31:05'),(142,'https://closetory-s3.s3.ap-northeast-2.amazonaws.com/images/27307a75-a078-4ae6-a0c4-40d159b9b7e5-result.png','OUTER','NAVY',1,'2026-02-04 00:07:14','2026-02-06 09:17:00'),(143,'https://closetory-s3.s3.ap-northeast-2.amazonaws.com/images/a3bd5f88-2584-4d4b-bcb5-a1d010bf9329-result.png','TOP','BLUE',17,'2026-02-04 09:54:53','2026-02-06 00:26:35'),(144,'https://closetory-s3.s3.ap-northeast-2.amazonaws.com/images/f7510b43-8d50-4753-a5ed-b0730c3d400d-result.png','OUTER','NAVY',17,'2026-02-04 09:55:22',NULL),(145,'https://closetory-s3.s3.ap-northeast-2.amazonaws.com/images/1af5d929-d0b0-40da-8a9f-d657123a2fbe-result.png','OUTER','BLUE',1,'2026-02-04 09:56:39',NULL),(146,'https://closetory-s3.s3.ap-northeast-2.amazonaws.com/images/0592a251-53fb-4e5a-8b83-049957133583-result.png','OUTER','NAVY',1,'2026-02-04 09:57:15',NULL),(147,'https://closetory-s3.s3.ap-northeast-2.amazonaws.com/images/f7e58e62-5ebe-4bf6-b0c2-bfcbee469cc2-result.png','OUTER','BROWN',1,'2026-02-04 09:57:45',NULL),(148,'https://closetory-s3.s3.ap-northeast-2.amazonaws.com/images/f9f7114f-8f57-42e0-b1ad-f7d2255ed5af-result.png','OUTER','RED',1,'2026-02-04 10:04:00',NULL),(149,'https://closetory-s3.s3.ap-northeast-2.amazonaws.com/images/ca809ea3-2a18-44c8-bb9b-3e75b068b4e5-result.png','SHOES','BLACK',17,'2026-02-04 10:06:57',NULL),(150,'https://closetory-s3.s3.ap-northeast-2.amazonaws.com/images/2e4e30d7-a9bb-4a34-a465-60dcef96b0ed-result.png','SHOES','BROWN',17,'2026-02-04 10:07:15',NULL),(151,'https://closetory-s3.s3.ap-northeast-2.amazonaws.com/images/47cc0e9f-b148-4c06-acf0-2a433e706b32-result.png','OUTER','BLACK',17,'2026-02-04 10:07:39',NULL),(152,'https://closetory-s3.s3.ap-northeast-2.amazonaws.com/images/9f588ccc-70e0-49db-9363-de3aa598256b-result.png','TOP','WHITE',17,'2026-02-04 10:07:58','2026-02-06 00:26:37'),(153,'https://closetory-s3.s3.ap-northeast-2.amazonaws.com/images/a453bd3e-4c02-4b79-8709-19ed889565cf-result.png','TOP','GREEN',17,'2026-02-04 10:08:22','2026-02-06 00:26:13'),(154,'https://closetory-s3.s3.ap-northeast-2.amazonaws.com/images/e011211c-2b74-47a6-85a9-82c2947cfde8-result.png','BAG','YELLOW',1,'2026-02-04 10:08:34','2026-02-06 09:16:31'),(155,'https://closetory-s3.s3.ap-northeast-2.amazonaws.com/images/39c971b8-6b53-4db4-b1db-907823a85887-result.png','OUTER','WHITE',17,'2026-02-04 10:09:21',NULL),(156,'https://closetory-s3.s3.ap-northeast-2.amazonaws.com/images/292406ac-b189-4ac8-a017-86a069f18987-result.png','BOTTOM','GRAY',17,'2026-02-04 10:09:52','2026-02-06 00:26:39'),(157,'https://closetory-s3.s3.ap-northeast-2.amazonaws.com/images/d9b77a2b-7cda-4044-b0b9-f4bc7ca79516-result.png','BOTTOM','BLUE',17,'2026-02-04 10:10:15',NULL),(158,'https://closetory-s3.s3.ap-northeast-2.amazonaws.com/images/1a9d8478-32db-4e1a-8ae3-cbcab33efcba-result.png','BOTTOM','BROWN',17,'2026-02-04 10:10:46',NULL),(159,'https://closetory-s3.s3.ap-northeast-2.amazonaws.com/images/9ac626a9-223e-4ee0-a400-68262d1bb2d5-result.png','BAG','YELLOW',1,'2026-02-04 11:48:07','2026-02-04 23:35:21'),(160,'https://closetory-s3.s3.ap-northeast-2.amazonaws.com/images/a1d31731-2a57-45c3-8a46-7df9efcde0ff-result.png','BOTTOM','BLACK',1,'2026-02-04 11:51:59','2026-02-04 12:34:27'),(161,'https://closetory-s3.s3.ap-northeast-2.amazonaws.com/images/a1d31731-2a57-45c3-8a46-7df9efcde0ff-result.png','BOTTOM','BLACK',1,'2026-02-04 11:52:08','2026-02-04 12:34:30'),(162,'https://closetory-s3.s3.ap-northeast-2.amazonaws.com/images/a1d31731-2a57-45c3-8a46-7df9efcde0ff-result.png','OUTER','BLACK',1,'2026-02-04 12:28:46','2026-02-04 12:34:33'),(163,'https://closetory-s3.s3.ap-northeast-2.amazonaws.com/images/a1d31731-2a57-45c3-8a46-7df9efcde0ff-result.png','ACCESSORIES','BLACK',1,'2026-02-04 12:29:45','2026-02-04 12:34:39'),(164,'https://closetory-s3.s3.ap-northeast-2.amazonaws.com/images/b2faa84b-7d7b-4634-9ccf-c83da7d70a4f-result.png','ACCESSORIES','NAVY',1,'2026-02-04 12:30:36','2026-02-04 12:34:42'),(165,'https://closetory-s3.s3.ap-northeast-2.amazonaws.com/images/d5dd1a43-4893-4c2f-8266-641386a3c5e9-result.png','ACCESSORIES','NAVY',1,'2026-02-04 12:32:10','2026-02-04 12:32:34'),(166,'https://closetory-s3.s3.ap-northeast-2.amazonaws.com/images/d2127525-c614-4003-af52-77d21f601e8b-result.png','ACCESSORIES','NAVY',1,'2026-02-04 12:37:07','2026-02-04 12:37:23'),(167,'https://closetory-s3.s3.ap-northeast-2.amazonaws.com/images/3638fb64-524a-4bed-a881-8a737e7371f8-result.png','SHOES','BLACK',17,'2026-02-04 12:49:02',NULL),(168,'https://closetory-s3.s3.ap-northeast-2.amazonaws.com/images/97005a1e-3d71-4676-ac51-48477918387d-result.png','BOTTOM','WHITE',17,'2026-02-04 12:49:24',NULL),(169,'https://closetory-s3.s3.ap-northeast-2.amazonaws.com/images/64374c4d-4ce0-4b01-a4f1-3cfb28066a39-result.png','BOTTOM','BLACK',17,'2026-02-04 12:49:44',NULL),(170,'https://closetory-s3.s3.ap-northeast-2.amazonaws.com/images/54feb754-9b5b-4292-9ace-9c748001a8c5-result.png','BAG','YELLOW',1,'2026-02-04 13:57:12','2026-02-04 23:35:18'),(171,'https://closetory-s3.s3.ap-northeast-2.amazonaws.com/images/63395c3a-924f-41f3-bb8d-51cf4746caaa-result.png','ACCESSORIES','BROWN',1,'2026-02-04 14:12:04','2026-02-04 14:12:11'),(172,'https://closetory-s3.s3.ap-northeast-2.amazonaws.com/images/1d0b16e5-9c10-4e5f-ab42-ae3b8fb813a6-result.png','TOP','IVORY',1,'2026-02-05 13:20:02',NULL),(173,'https://closetory-s3.s3.ap-northeast-2.amazonaws.com/images/688fad45-fd9f-4b3f-a281-3ca280c31c2d-result.png','TOP','RED',1,'2026-02-05 13:21:57',NULL),(174,'https://closetory-s3.s3.ap-northeast-2.amazonaws.com/images/89708b03-25f5-404e-b156-3cb107769218-result.png','OUTER','NAVY',1,'2026-02-05 13:26:36','2026-02-05 13:27:20'),(175,'https://closetory-s3.s3.ap-northeast-2.amazonaws.com/images/face95dd-1a5f-4055-8b3e-f3fa1a904fca-result.png','OUTER','NAVY',1,'2026-02-05 13:28:45',NULL),(176,'https://closetory-s3.s3.ap-northeast-2.amazonaws.com/images/4d5846dc-f3dd-4261-9aa2-5b080c4b4ad5-result.png','OUTER','NAVY',1,'2026-02-05 13:30:50','2026-02-05 13:31:02'),(177,'https://closetory-s3.s3.ap-northeast-2.amazonaws.com/images/13b4af8e-20cf-41fa-b255-65eff56833bc-result.png','OUTER','GREEN',66,'2026-02-05 15:15:24','2026-02-05 16:44:04'),(178,'https://closetory-s3.s3.ap-northeast-2.amazonaws.com/images/1feade5d-98d4-4a4f-b2a4-42d96c313759-result.png','BOTTOM','BLACK',66,'2026-02-05 15:17:50','2026-02-05 16:44:01'),(179,'https://closetory-s3.s3.ap-northeast-2.amazonaws.com/images/e6c77371-27a5-4e6d-9e2d-b6e2e92070d8-result.png','TOP','NAVY',66,'2026-02-05 15:18:02',NULL),(180,'https://closetory-s3.s3.ap-northeast-2.amazonaws.com/images/7f5eae91-74f2-4960-b30f-1b863e904ca7-result.png','TOP','IVORY',65,'2026-02-05 16:02:34',NULL),(181,'https://closetory-s3.s3.ap-northeast-2.amazonaws.com/images/7116faad-938e-469e-8cd3-bf15d0dd47b8-result.png','TOP','GRAY',65,'2026-02-05 16:03:58',NULL),(182,'https://closetory-s3.s3.ap-northeast-2.amazonaws.com/images/b6f0eca5-d652-4389-aa7d-cc68a3170f36-result.png','TOP','PINK',65,'2026-02-05 16:05:14',NULL),(183,'https://closetory-s3.s3.ap-northeast-2.amazonaws.com/images/36d4c93d-0ba5-4eba-9369-5637e7d8884b-result.png','TOP','GREEN',65,'2026-02-05 16:07:54',NULL),(184,'https://closetory-s3.s3.ap-northeast-2.amazonaws.com/images/ccdb2232-c976-43c6-9b9b-8156db70b73f-result.png','TOP','PINK',65,'2026-02-05 16:11:45',NULL),(185,'https://closetory-s3.s3.ap-northeast-2.amazonaws.com/images/7a1ed964-1119-457b-b3bc-c376dd3b9e9f-result.png','TOP','BLUE',65,'2026-02-05 16:13:19',NULL),(186,'https://closetory-s3.s3.ap-northeast-2.amazonaws.com/images/1478edba-701d-4a09-9181-df467ac6a9ad-result.png','TOP','GRAY',65,'2026-02-05 16:18:23',NULL),(187,'https://closetory-s3.s3.ap-northeast-2.amazonaws.com/images/a9cf9ced-f443-4c0c-82be-d28004744bac-result.png','TOP','PINK',65,'2026-02-05 16:19:48',NULL),(188,'https://closetory-s3.s3.ap-northeast-2.amazonaws.com/images/55d4822b-c088-4687-95d0-3e1f127352ec-result.png','TOP','BLUE',65,'2026-02-05 16:20:57',NULL),(189,'https://closetory-s3.s3.ap-northeast-2.amazonaws.com/images/30dbe8cc-48a7-47cf-a286-84c1b12192eb-result.png','TOP','GRAY',65,'2026-02-05 16:22:51',NULL),(191,'https://closetory-s3.s3.ap-northeast-2.amazonaws.com/images/621b62f4-005a-425f-a25d-50214a906fd0-result.png','TOP','GREEN',65,'2026-02-05 16:25:06',NULL),(192,'https://closetory-s3.s3.ap-northeast-2.amazonaws.com/images/0b0bc97d-86d6-4c91-b4db-cd317095f46a-result.png','TOP','WHITE',65,'2026-02-05 16:26:38',NULL),(193,'https://closetory-s3.s3.ap-northeast-2.amazonaws.com/images/c75a2a49-c990-46a0-93bc-071dc7dea117-result.png','TOP','IVORY',65,'2026-02-05 16:27:16',NULL),(194,'https://closetory-s3.s3.ap-northeast-2.amazonaws.com/images/0a1620cd-1e07-4090-9edf-ba535d7bc8ea-result.png','TOP','BLUE',65,'2026-02-05 16:28:43',NULL),(195,'https://closetory-s3.s3.ap-northeast-2.amazonaws.com/images/033dd2b4-4321-43fd-b3e5-7ef43a6c3bcc-result.png','TOP','WHITE',65,'2026-02-05 16:33:38',NULL),(196,'https://closetory-s3.s3.ap-northeast-2.amazonaws.com/images/260921af-9aea-44f7-94fa-002d00a08f28-result.png','TOP','YELLOW',21,'2026-02-05 16:34:26','2026-02-07 10:47:41'),(197,'https://closetory-s3.s3.ap-northeast-2.amazonaws.com/images/e1777d95-fac8-41f0-9238-0d74a9a51d5c-result.png','TOP','BROWN',65,'2026-02-05 16:36:30',NULL),(198,'https://closetory-s3.s3.ap-northeast-2.amazonaws.com/images/8e9ae565-3644-4c76-806c-ec869e5a6139-result.png','BOTTOM','GRAY',65,'2026-02-05 16:37:23',NULL),(200,'https://closetory-s3.s3.ap-northeast-2.amazonaws.com/images/8260c771-d629-4346-8a7e-afb2cf0bd69c-result.png','BOTTOM','BLUE',65,'2026-02-05 16:39:44',NULL),(201,'https://closetory-s3.s3.ap-northeast-2.amazonaws.com/images/260921af-9aea-44f7-94fa-002d00a08f28-result.png','BOTTOM','YELLOW',21,'2026-02-05 16:40:05','2026-02-07 10:47:48'),(202,'https://closetory-s3.s3.ap-northeast-2.amazonaws.com/images/3de2240e-c9ce-4857-94e1-04001734743a-result.png','BOTTOM','BLACK',65,'2026-02-05 16:41:38',NULL),(203,'https://closetory-s3.s3.ap-northeast-2.amazonaws.com/images/ac2d4b30-a3d9-4da5-b3b0-d2be9cf59b12-result.png','BOTTOM','WHITE',65,'2026-02-05 16:43:53',NULL),(204,'https://closetory-s3.s3.ap-northeast-2.amazonaws.com/images/2a93b167-89ee-4955-a1d6-96e600ca002f-result.png','BOTTOM','BLUE',65,'2026-02-05 16:45:09',NULL),(205,'https://closetory-s3.s3.ap-northeast-2.amazonaws.com/images/53bdb506-a433-474f-9cc2-848d0c5f5bd9-result.png','BOTTOM','BLACK',65,'2026-02-05 16:48:02',NULL),(206,'https://closetory-s3.s3.ap-northeast-2.amazonaws.com/images/3f1bb5fd-35eb-4f2e-8175-c90256543604-result.png','BOTTOM','BLUE',65,'2026-02-05 16:48:48',NULL),(207,'https://closetory-s3.s3.ap-northeast-2.amazonaws.com/images/b82d9e79-9727-4d4e-8680-2d9343593db8-result.png','BOTTOM','GRAY',65,'2026-02-05 16:50:21',NULL),(208,'https://closetory-s3.s3.ap-northeast-2.amazonaws.com/images/d1e47fbe-1d31-4698-8592-aed1bd56d020-result.png','BOTTOM','BLUE',65,'2026-02-05 16:51:06',NULL),(209,'https://closetory-s3.s3.ap-northeast-2.amazonaws.com/images/406d63da-8e19-493f-9443-676e141a50be-result.png','BAG','BLACK',65,'2026-02-05 16:52:30',NULL),(210,'https://closetory-s3.s3.ap-northeast-2.amazonaws.com/images/a181e9b3-ac34-439b-83ce-c4b12bb2c42a-one.png','TOP','BLACK',21,'2026-02-05 16:53:07','2026-02-08 14:48:25'),(211,'https://closetory-s3.s3.ap-northeast-2.amazonaws.com/images/a181e9b3-ac34-439b-83ce-c4b12bb2c42a-one.png','BOTTOM','BLACK',21,'2026-02-05 16:53:22','2026-02-08 14:48:29'),(212,'https://closetory-s3.s3.ap-northeast-2.amazonaws.com/images/d4c2085e-d207-4cab-aa24-f804e2afd4ce-result.png','BAG','BLACK',65,'2026-02-05 16:58:46',NULL),(213,'https://closetory-s3.s3.ap-northeast-2.amazonaws.com/images/78cd450a-4db4-48db-8d39-624b62adf5cb-result.png','BAG','WHITE',65,'2026-02-05 16:59:33',NULL),(214,'https://closetory-s3.s3.ap-northeast-2.amazonaws.com/images/8b1542dd-1e4a-498d-81ab-12785564057a-result.png','SHOES','GRAY',65,'2026-02-05 17:00:04',NULL),(215,'https://closetory-s3.s3.ap-northeast-2.amazonaws.com/images/1042996b-23ee-4a52-8bb3-451c05f64787-result.png','SHOES','WHITE',65,'2026-02-05 17:01:47',NULL),(216,'https://closetory-s3.s3.ap-northeast-2.amazonaws.com/images/e3db3d4c-efee-42c3-9315-87a5a644951a-result.png','SHOES','IVORY',65,'2026-02-05 17:02:50',NULL),(217,'https://closetory-s3.s3.ap-northeast-2.amazonaws.com/images/4471c9ca-74c4-4f6b-9e9e-c72a0d65d4f0-result.png','SHOES','BLACK',65,'2026-02-05 17:03:54',NULL),(218,'https://closetory-s3.s3.ap-northeast-2.amazonaws.com/images/81b63f08-c2e9-4d81-97e9-78f4a22aa1bd-result.png','SHOES','BLACK',65,'2026-02-05 17:04:38',NULL),(219,'https://closetory-s3.s3.ap-northeast-2.amazonaws.com/images/0b48455f-9e1d-4694-b863-8c78667771f5-result.png','SHOES','IVORY',65,'2026-02-05 17:05:22',NULL),(220,'https://closetory-s3.s3.ap-northeast-2.amazonaws.com/images/6ecb9a72-76d2-4dd3-80ed-918dd6a6c5cc-result.png','TOP','BLACK',21,'2026-02-05 17:06:44','2026-02-08 14:48:22'),(221,'https://closetory-s3.s3.ap-northeast-2.amazonaws.com/images/143db092-99b9-441f-8813-8891f2903016-result.png','ACCESSORIES','PINK',65,'2026-02-05 17:07:44',NULL),(222,'https://closetory-s3.s3.ap-northeast-2.amazonaws.com/images/7c71af5d-6ca2-4471-8573-d2765ab16ef8-result.png','ACCESSORIES','BLACK',65,'2026-02-05 17:12:09',NULL),(223,'https://closetory-s3.s3.ap-northeast-2.amazonaws.com/images/c09ec72f-665d-4329-9374-7cdd8105594e-result.png','TOP','BLACK',21,'2026-02-05 17:12:29','2026-02-08 14:15:13'),(224,'https://closetory-s3.s3.ap-northeast-2.amazonaws.com/images/c09ec72f-665d-4329-9374-7cdd8105594e-result.png','BOTTOM','BLACK',21,'2026-02-05 17:12:37','2026-02-08 14:28:38'),(225,'https://closetory-s3.s3.ap-northeast-2.amazonaws.com/images/7896c37e-29bb-45bd-827d-3619833edf22-result.png','ACCESSORIES','GRAY',65,'2026-02-05 17:12:43',NULL),(226,'https://closetory-s3.s3.ap-northeast-2.amazonaws.com/images/f75ebcda-08d0-4c7a-b420-22b87ffc0ad0-result.png','ACCESSORIES','PINK',65,'2026-02-05 17:13:10',NULL),(227,'https://closetory-s3.s3.ap-northeast-2.amazonaws.com/images/f1e3c142-dd24-44fb-bdfa-336a6592e1b1-result.png','ACCESSORIES','YELLOW',65,'2026-02-05 17:14:25',NULL),(228,'https://closetory-s3.s3.ap-northeast-2.amazonaws.com/images/a6f59d08-566d-433a-803a-0adab78322ea-result.png','ACCESSORIES','PINK',65,'2026-02-05 17:14:47',NULL),(229,'https://closetory-s3.s3.ap-northeast-2.amazonaws.com/images/048f239f-17ca-448b-a3a9-40e1fa914b4b-result.png','OUTER','WHITE',65,'2026-02-05 17:16:04',NULL),(230,'https://closetory-s3.s3.ap-northeast-2.amazonaws.com/images/b3786852-7559-49d7-b5a5-23edf61b4d4b-result.png','TOP','BLACK',21,'2026-02-05 17:16:27','2026-02-08 14:15:15'),(231,'https://closetory-s3.s3.ap-northeast-2.amazonaws.com/images/5e779787-79e2-4a4c-bbbb-c28de5402f3c-result.png','OUTER','IVORY',65,'2026-02-05 17:17:22',NULL),(232,'https://closetory-s3.s3.ap-northeast-2.amazonaws.com/images/66ec28d5-dc88-47b9-ab2b-34df7f9d6282-result.png','OUTER','IVORY',65,'2026-02-05 17:19:28',NULL),(233,'https://closetory-s3.s3.ap-northeast-2.amazonaws.com/images/2e2c2c91-5d56-437a-8390-8500f7145595-result.png','OUTER','BLACK',65,'2026-02-05 17:20:06',NULL),(234,'https://closetory-s3.s3.ap-northeast-2.amazonaws.com/images/138bb6e2-cefd-4ff4-a602-9bafb7715ae7-result.png','OUTER','IVORY',65,'2026-02-05 17:21:24',NULL),(235,'https://closetory-s3.s3.ap-northeast-2.amazonaws.com/images/1c90de95-70f6-44e0-a4b7-1fe84bf53d27-result.png','OUTER','BROWN',65,'2026-02-05 17:22:03',NULL),(236,'https://closetory-s3.s3.ap-northeast-2.amazonaws.com/images/891dc889-ce10-4e17-9598-8a551e4ddb3a-result.png','OUTER','BLACK',65,'2026-02-05 17:23:04',NULL),(237,'https://closetory-s3.s3.ap-northeast-2.amazonaws.com/images/3f867ee8-db0c-47ed-8665-e2a36eb60f9f-result.png','TOP','WHITE',21,'2026-02-05 17:23:33','2026-02-07 10:47:39'),(238,'https://closetory-s3.s3.ap-northeast-2.amazonaws.com/images/3f867ee8-db0c-47ed-8665-e2a36eb60f9f-result.png','BOTTOM','WHITE',21,'2026-02-05 17:23:44','2026-02-07 10:47:53'),(239,'https://closetory-s3.s3.ap-northeast-2.amazonaws.com/images/b83686d4-6fd5-46fb-b894-d69326516234-result.png','OUTER','IVORY',65,'2026-02-05 17:24:41',NULL),(240,'https://closetory-s3.s3.ap-northeast-2.amazonaws.com/images/c3e021aa-3658-4399-88ce-c7b3dfec31f8-result.png','OUTER','NAVY',65,'2026-02-05 17:25:57',NULL),(241,'https://closetory-s3.s3.ap-northeast-2.amazonaws.com/images/2ea57d39-451c-4b02-b941-70f6e5e64562-result.png','TOP','WHITE',65,'2026-02-05 17:56:07',NULL),(242,'https://closetory-s3.s3.ap-northeast-2.amazonaws.com/images/fe789f9b-3258-4c90-adae-bc3dd2f4d5b4-result.png','OUTER','BLUE',65,'2026-02-05 17:57:32',NULL),(243,'https://closetory-s3.s3.ap-northeast-2.amazonaws.com/images/ceca5f50-2e9c-4ad4-8d97-9ae3435089a0-result.png','TOP','WHITE',65,'2026-02-05 17:58:55',NULL),(244,'https://closetory-s3.s3.ap-northeast-2.amazonaws.com/images/ad323d7d-01f3-4b14-9fb4-774c0200fd37-result.png','ACCESSORIES','BLACK',67,'2026-02-06 00:37:40',NULL),(245,'https://closetory-s3.s3.ap-northeast-2.amazonaws.com/images/7fb0f6d0-ef8e-47b0-a914-07bcbc5e7432-result.png','OUTER','GRAY',67,'2026-02-06 00:38:03',NULL),(246,'https://closetory-s3.s3.ap-northeast-2.amazonaws.com/images/69237f93-36e0-48a3-a72b-36e216468af4-result.png','OUTER','BROWN',67,'2026-02-06 00:41:10',NULL),(247,'https://closetory-s3.s3.ap-northeast-2.amazonaws.com/images/7fcfd57a-5b8d-4bb7-85f3-6c9077e816f6-result.png','OUTER','BLACK',67,'2026-02-06 00:42:09',NULL),(248,'https://closetory-s3.s3.ap-northeast-2.amazonaws.com/images/005961ee-5443-4fdf-81ba-24669e51baef-result.png','OUTER','IVORY',67,'2026-02-06 00:43:20',NULL),(249,'https://closetory-s3.s3.ap-northeast-2.amazonaws.com/images/15b82267-44fb-4af3-8b80-e8c9a5c3b576-result.png','TOP','GREEN',67,'2026-02-06 00:44:29',NULL),(250,'https://closetory-s3.s3.ap-northeast-2.amazonaws.com/images/e353ab31-98d5-4bda-8a52-c415a17419ed-result.png','TOP','BLUE',67,'2026-02-06 00:45:37',NULL),(251,'https://closetory-s3.s3.ap-northeast-2.amazonaws.com/images/4cf74101-3010-48d5-8b4e-59d6f5054d3d-result.png','TOP','GREEN',67,'2026-02-06 00:46:48',NULL),(252,'https://closetory-s3.s3.ap-northeast-2.amazonaws.com/images/93d696ff-1c5e-4922-9fa5-b0118e901d19-result.png','TOP','NAVY',67,'2026-02-06 00:48:01',NULL),(253,'https://closetory-s3.s3.ap-northeast-2.amazonaws.com/images/7d189c6a-10e8-48b5-b747-b50b77947857-result.png','TOP','BROWN',67,'2026-02-06 00:49:15',NULL),(254,'https://closetory-s3.s3.ap-northeast-2.amazonaws.com/images/e57092fd-d367-447d-ad2a-4b0b6260e708-result.png','TOP','BLACK',67,'2026-02-06 00:50:36',NULL),(255,'https://closetory-s3.s3.ap-northeast-2.amazonaws.com/images/102c1ff2-c243-455b-8e20-0860908c8d93-result.png','ACCESSORIES','BROWN',67,'2026-02-06 00:52:06',NULL),(256,'https://closetory-s3.s3.ap-northeast-2.amazonaws.com/images/0a8169dc-54ba-4490-a46c-dbfc2a706252-result.png','TOP','BLACK',67,'2026-02-06 00:53:07',NULL),(257,'https://closetory-s3.s3.ap-northeast-2.amazonaws.com/images/7f94336f-a500-4588-8234-e93b63985aeb-result.png','TOP','WHITE',67,'2026-02-06 00:54:09',NULL),(258,'https://closetory-s3.s3.ap-northeast-2.amazonaws.com/images/2f1b62c3-262f-451d-b206-4e8363750273-result.png','TOP','BLACK',67,'2026-02-06 00:54:58',NULL),(259,'https://closetory-s3.s3.ap-northeast-2.amazonaws.com/images/a56ac9f5-4db7-49ed-be82-d0c8860e49ae-result.png','TOP','BLUE',67,'2026-02-06 00:56:10',NULL),(260,'https://closetory-s3.s3.ap-northeast-2.amazonaws.com/images/b5c8a2e1-62a0-4832-ae96-e340f3eeb773-result.png','BOTTOM','WHITE',67,'2026-02-06 00:57:15',NULL),(261,'https://closetory-s3.s3.ap-northeast-2.amazonaws.com/images/cb537875-e90f-4e51-a841-397db6e5b7a5-result.png','BOTTOM','BLACK',67,'2026-02-06 00:58:14',NULL),(262,'https://closetory-s3.s3.ap-northeast-2.amazonaws.com/images/617a4996-917e-4add-aba7-86b4e560c297-result.png','BOTTOM','BLACK',67,'2026-02-06 00:59:23',NULL),(263,'https://closetory-s3.s3.ap-northeast-2.amazonaws.com/images/eb22f6f1-dd2f-48f3-bcc7-e46276ae24a7-result.png','BOTTOM','BLUE',67,'2026-02-06 01:00:25',NULL),(264,'https://closetory-s3.s3.ap-northeast-2.amazonaws.com/images/2791b6c6-746e-4af9-a3b0-c85d1e32dfc8-result.png','BOTTOM','WHITE',67,'2026-02-06 01:01:45','2026-02-07 17:02:23'),(265,'https://closetory-s3.s3.ap-northeast-2.amazonaws.com/images/685d4654-4b86-417c-9c83-40c38829d769-result.png','BOTTOM','GRAY',67,'2026-02-06 01:02:51',NULL),(266,'https://closetory-s3.s3.ap-northeast-2.amazonaws.com/images/8332ba0c-5a3a-4a12-afbf-4839ab739fbd-result.png','BAG','BLACK',67,'2026-02-06 01:03:41',NULL),(267,'https://closetory-s3.s3.ap-northeast-2.amazonaws.com/images/5eeaab97-2c94-467c-afae-771cf4a9110e-result.png','BOTTOM','BLACK',67,'2026-02-06 01:04:37',NULL),(268,'https://closetory-s3.s3.ap-northeast-2.amazonaws.com/images/36fcdd36-45ca-470b-9e47-c95f73ea3935-result.png','BOTTOM','IVORY',67,'2026-02-06 01:05:43',NULL),(269,'https://closetory-s3.s3.ap-northeast-2.amazonaws.com/images/ce7e41fe-e3a9-4c1d-9968-e00739407c8e-result.png','OUTER','BLACK',67,'2026-02-06 01:06:41',NULL),(270,'https://closetory-s3.s3.ap-northeast-2.amazonaws.com/images/75de20c1-7592-432d-a2e6-bf00923e026a-result.png','SHOES','BLACK',67,'2026-02-06 10:12:30','2026-02-07 18:20:06'),(271,'https://closetory-s3.s3.ap-northeast-2.amazonaws.com/images/0bdfb51a-0974-4b8d-97b3-4bfb1e49a91a-result.png','OUTER','GRAY',67,'2026-02-06 10:24:35','2026-02-07 17:13:45'),(272,'https://closetory-s3.s3.ap-northeast-2.amazonaws.com/images/5cce9ac8-c53c-401c-9383-eb1f9c0e8d26-result.png','BOTTOM','GRAY',65,'2026-02-06 10:34:16','2026-02-06 10:34:56'),(273,'https://closetory-s3.s3.ap-northeast-2.amazonaws.com/images/1129bd4d-cf12-4c87-8887-92330422092e-result.png','BOTTOM','YELLOW',68,'2026-02-06 10:55:55',NULL),(274,'https://closetory-s3.s3.ap-northeast-2.amazonaws.com/images/1b5470d3-e647-4f16-890e-45409c4910ca-result.png','BOTTOM','NAVY',68,'2026-02-06 10:57:41',NULL),(275,'https://closetory-s3.s3.ap-northeast-2.amazonaws.com/images/72c37197-35b3-40d7-a427-3b19aecf1f04-result.png','SHOES','NAVY',68,'2026-02-06 10:59:40',NULL),(276,'https://closetory-s3.s3.ap-northeast-2.amazonaws.com/images/f8b8913d-b594-4d85-b864-51ca6d0e9338-result.png','TOP','RED',65,'2026-02-06 11:34:29',NULL),(277,'https://closetory-s3.s3.ap-northeast-2.amazonaws.com/images/aad97420-b65b-44a7-aee2-e7a8a03b42d9-result.png','SHOES','BLACK',16,'2026-02-06 12:07:17',NULL),(278,'https://closetory-s3.s3.ap-northeast-2.amazonaws.com/images/fadea234-86bf-4941-975f-cbda703478c0-result.png','BOTTOM','GRAY',67,'2026-02-06 12:26:24',NULL),(279,'https://closetory-s3.s3.ap-northeast-2.amazonaws.com/images/4c14d3d6-ef9f-45ae-ab7b-ad3a9151c464-result.png','BOTTOM','NAVY',67,'2026-02-06 12:26:53',NULL),(280,'https://closetory-s3.s3.ap-northeast-2.amazonaws.com/images/2ee57863-88a3-4c94-a87b-c1463dce68a9-result.png','TOP','IVORY',16,'2026-02-06 12:35:01',NULL),(281,'https://closetory-s3.s3.ap-northeast-2.amazonaws.com/images/d683d711-f72b-4250-9dcc-8c749cbd4a2d-result.png','BOTTOM','BLACK',16,'2026-02-06 12:37:22',NULL),(282,'https://closetory-s3.s3.ap-northeast-2.amazonaws.com/images/f42d207d-b210-4be4-8543-b6a15d160aee-result.png','TOP','BLUE',65,'2026-02-06 12:51:38',NULL),(283,'https://closetory-s3.s3.ap-northeast-2.amazonaws.com/images/87f4a55d-84a4-4b0f-b11c-a19fb58517e1-result.png','SHOES','BLACK',69,'2026-02-06 16:24:21',NULL),(284,'https://closetory-s3.s3.ap-northeast-2.amazonaws.com/images/c129b24a-b21c-4f49-9a65-520a558f0312-result.png','BOTTOM','BLACK',69,'2026-02-06 16:25:10',NULL),(285,'https://closetory-s3.s3.ap-northeast-2.amazonaws.com/images/ff9a67cb-e2f9-4b15-b350-c84748449ea3-result.png','TOP','GREEN',69,'2026-02-06 16:25:49',NULL),(286,'https://closetory-s3.s3.ap-northeast-2.amazonaws.com/images/05214a38-8ea1-4302-af2a-754d76de77d0-result.png','TOP','WHITE',65,'2026-02-07 00:58:38',NULL),(287,'https://closetory-s3.s3.ap-northeast-2.amazonaws.com/images/45a0d56d-6884-4940-bfce-93d32e20c3c9-result.png','TOP','BLACK',65,'2026-02-07 00:59:53',NULL),(288,'https://closetory-s3.s3.ap-northeast-2.amazonaws.com/images/89f0431e-229f-4fd4-b9e5-c27473287295-result.png','TOP','BLUE',65,'2026-02-07 01:01:02',NULL),(289,'https://closetory-s3.s3.ap-northeast-2.amazonaws.com/images/c32c2767-8f58-4e5b-baa7-e377343a5e2d-result.png','TOP','WHITE',65,'2026-02-07 01:02:10',NULL),(290,'https://closetory-s3.s3.ap-northeast-2.amazonaws.com/images/0088b86b-4e39-4484-9dec-c518648a8795-result.png','TOP','WHITE',1,'2026-02-07 15:15:41',NULL),(291,'https://closetory-s3.s3.ap-northeast-2.amazonaws.com/images/98e52ab1-204f-48eb-b3bb-dcf2417afcc9-result.png','BOTTOM','NAVY',1,'2026-02-07 15:20:41',NULL),(292,'https://closetory-s3.s3.ap-northeast-2.amazonaws.com/images/20a95684-4b71-42f6-9e54-217acb66377c-result.png','BOTTOM','BLUE',1,'2026-02-07 16:41:37',NULL),(293,'https://closetory-s3.s3.ap-northeast-2.amazonaws.com/images/a2a69e8d-cbc1-47a4-826a-0e45898c66e2-result.png','OUTER','BLACK',67,'2026-02-07 16:50:15',NULL),(294,'https://closetory-s3.s3.ap-northeast-2.amazonaws.com/images/821e3f83-d198-46fd-864d-13ff0ec66d6f-result.png','TOP','BLACK',67,'2026-02-07 16:50:34',NULL),(295,'https://closetory-s3.s3.ap-northeast-2.amazonaws.com/images/e47dbf0d-5064-4952-ac17-b34797e2d6f1-result.png','TOP','IVORY',67,'2026-02-07 16:51:45',NULL),(296,'https://closetory-s3.s3.ap-northeast-2.amazonaws.com/images/b0a73f60-fdd3-47ac-8305-b6ea091b5f7e-result.png','TOP','BLACK',67,'2026-02-07 16:52:57',NULL),(297,'https://closetory-s3.s3.ap-northeast-2.amazonaws.com/images/c6046cf6-cb45-4ea5-a290-be6c29acf98f-result.png','TOP','GRAY',67,'2026-02-07 16:54:03',NULL),(298,'https://closetory-s3.s3.ap-northeast-2.amazonaws.com/images/e18254a0-8ef4-4ed7-9374-f9b158a2cf2d-result.png','SHOES','BLACK',67,'2026-02-07 16:58:01',NULL),(299,'https://closetory-s3.s3.ap-northeast-2.amazonaws.com/images/4e1b5e00-a2dd-427d-a0e6-d5268ac8567b-result.png','SHOES','BLACK',67,'2026-02-07 16:58:42',NULL),(300,'https://closetory-s3.s3.ap-northeast-2.amazonaws.com/images/d44d0e5c-1c19-4b40-957a-944798473ea8-result.png','SHOES','BLACK',67,'2026-02-07 16:59:26',NULL),(301,'https://closetory-s3.s3.ap-northeast-2.amazonaws.com/images/418a869c-c4e1-4624-a2c5-137f8dc675f9-result.png','SHOES','RED',67,'2026-02-07 17:00:03',NULL),(302,'https://closetory-s3.s3.ap-northeast-2.amazonaws.com/images/97cc2b47-6a45-4764-921d-b31322eac7b6-result.png','SHOES','WHITE',67,'2026-02-07 17:00:52',NULL),(303,'https://closetory-s3.s3.ap-northeast-2.amazonaws.com/images/9e6f95ac-9753-4468-b0ef-405f33b819a4-result.png','SHOES','WHITE',67,'2026-02-07 17:02:08',NULL),(304,'https://closetory-s3.s3.ap-northeast-2.amazonaws.com/images/5e4549d4-53da-46bf-9fab-b2442db7d0dc-result.png','TOP','BROWN',67,'2026-02-07 17:03:53',NULL),(305,'https://closetory-s3.s3.ap-northeast-2.amazonaws.com/images/313031d9-f1e6-4c54-9085-a46a04ae3093-result.png','TOP','GRAY',67,'2026-02-07 17:04:56',NULL),(306,'https://closetory-s3.s3.ap-northeast-2.amazonaws.com/images/8b99155b-3421-4d53-afc6-2227ffde8c3c-result.png','TOP','IVORY',67,'2026-02-07 17:06:05',NULL),(307,'https://closetory-s3.s3.ap-northeast-2.amazonaws.com/images/b8e666a2-daad-492a-895c-3f201b00f09b-result.png','TOP','BLUE',67,'2026-02-07 17:07:03',NULL),(308,'https://closetory-s3.s3.ap-northeast-2.amazonaws.com/images/7007851a-ba97-4abe-8de3-3afe32e9b569-result.png','BOTTOM','IVORY',67,'2026-02-07 17:08:12',NULL),(309,'https://closetory-s3.s3.ap-northeast-2.amazonaws.com/images/370dc297-e029-484f-b589-0eaaa9b6ce59-result.png','TOP','BLUE',67,'2026-02-07 17:09:16',NULL),(310,'https://closetory-s3.s3.ap-northeast-2.amazonaws.com/images/06b8a0bf-b46d-4473-95af-f8b0bd1b31ca-result.png','BOTTOM','IVORY',67,'2026-02-07 17:10:39',NULL),(311,'https://closetory-s3.s3.ap-northeast-2.amazonaws.com/images/138322e8-9600-4921-b74d-d3cbec681e60-result.png','BOTTOM','BLUE',67,'2026-02-07 17:11:36',NULL),(312,'https://closetory-s3.s3.ap-northeast-2.amazonaws.com/images/1e48be9c-c398-48e8-a778-2ee1b5e7fed5-result.png','BOTTOM','BLACK',67,'2026-02-07 17:12:40',NULL),(313,'https://closetory-s3.s3.ap-northeast-2.amazonaws.com/images/dc472201-32f8-4026-83e9-912b47a985be-result.png','OUTER','BLACK',67,'2026-02-07 17:20:37',NULL),(314,'https://closetory-s3.s3.ap-northeast-2.amazonaws.com/images/15c042d3-91a8-42ed-860b-1ebe768b094b-result.png','TOP','GREEN',71,'2026-02-07 20:08:25',NULL),(315,'https://closetory-s3.s3.ap-northeast-2.amazonaws.com/images/a9e6e1bf-c096-43c2-820b-26e6af3597b3-result.png','BOTTOM','BLUE',71,'2026-02-07 20:13:56',NULL),(316,'https://closetory-s3.s3.ap-northeast-2.amazonaws.com/images/f956e32a-117c-44d2-af2b-71feb6c86e65-result.png','SHOES','WHITE',71,'2026-02-07 20:16:15',NULL),(317,'https://closetory-s3.s3.ap-northeast-2.amazonaws.com/images/67614664-5a63-4794-91ec-096d6375e3a5-result.png','TOP','NAVY',65,'2026-02-07 21:12:46',NULL),(318,'https://closetory-s3.s3.ap-northeast-2.amazonaws.com/images/c1894f4f-0560-4655-bbdf-f0755afa86e1-result.png','TOP','GREEN',71,'2026-02-08 13:21:26',NULL),(319,'https://closetory-s3.s3.ap-northeast-2.amazonaws.com/images/9efe2f3e-bd0c-4737-ad89-7fda2cfca794-result.png','TOP','GREEN',71,'2026-02-08 13:24:35',NULL),(320,'https://closetory-s3.s3.ap-northeast-2.amazonaws.com/images/74509dba-de89-4ce3-a858-2de145fd944e-result.png','TOP','BLACK',21,'2026-02-08 14:23:01',NULL),(321,'https://closetory-s3.s3.ap-northeast-2.amazonaws.com/images/a269953a-ceb7-420c-990c-15cd13cb8be9-result.png','BOTTOM','BLACK',21,'2026-02-08 14:23:32',NULL),(322,'https://closetory-s3.s3.ap-northeast-2.amazonaws.com/images/ef6ec622-33ef-44b5-b96d-17a54caf1655-result.png','SHOES','IVORY',21,'2026-02-08 14:24:08',NULL),(323,'https://closetory-s3.s3.ap-northeast-2.amazonaws.com/images/6cadc393-ec4e-40dd-a456-ba9fa13b312a-result.png','SHOES','WHITE',21,'2026-02-08 14:33:12',NULL),(324,'https://closetory-s3.s3.ap-northeast-2.amazonaws.com/images/c47b2a9a-8e37-47f7-9c24-1a9aeb294f14-result.png','BOTTOM','GRAY',21,'2026-02-08 14:33:30',NULL),(325,'https://closetory-s3.s3.ap-northeast-2.amazonaws.com/images/77ac9805-eecf-419c-bf2d-a9ee7cb137fe-result.png','TOP','GRAY',21,'2026-02-08 14:33:50',NULL),(326,'https://closetory-s3.s3.ap-northeast-2.amazonaws.com/images/ad97ef8b-c394-4b73-816d-4be55f520d06-result.png','TOP','IVORY',21,'2026-02-08 14:47:42',NULL),(327,'https://closetory-s3.s3.ap-northeast-2.amazonaws.com/images/d397c808-d8df-40dd-9fd7-d1b0cc473757-result.png','BOTTOM','BLACK',21,'2026-02-08 14:48:02',NULL),(328,'https://closetory-s3.s3.ap-northeast-2.amazonaws.com/images/f444e3fc-6e0f-4c3b-b001-f0046f2f661f-result.png','TOP','NAVY',21,'2026-02-08 14:56:35',NULL),(329,'https://closetory-s3.s3.ap-northeast-2.amazonaws.com/images/564a7360-6e4e-408c-87fe-af1195ffb463-result.png','OUTER','IVORY',21,'2026-02-08 14:57:43',NULL),(330,'https://closetory-s3.s3.ap-northeast-2.amazonaws.com/images/7ef9e47c-427b-4b72-9097-dbe919853b19-result.png','TOP','GRAY',21,'2026-02-08 14:58:08',NULL),(331,'https://closetory-s3.s3.ap-northeast-2.amazonaws.com/images/11d9dc8c-56e7-4644-b678-3982ad9d350a-result.png','OUTER','BLACK',21,'2026-02-08 14:58:32',NULL),(332,'https://closetory-s3.s3.ap-northeast-2.amazonaws.com/images/ffcbb317-0b73-4761-9f51-28de0e6ab1b0-result.png','TOP','IVORY',21,'2026-02-08 14:59:36',NULL),(333,'https://closetory-s3.s3.ap-northeast-2.amazonaws.com/images/a245ce5d-3f41-4054-ae48-2b2668c1955b-result.png','TOP','IVORY',21,'2026-02-08 15:02:02',NULL),(334,'https://closetory-s3.s3.ap-northeast-2.amazonaws.com/images/b3480259-04cc-4bf3-80a4-eaef7bdb574e-result.png','TOP','BROWN',21,'2026-02-08 15:03:53',NULL),(335,'https://closetory-s3.s3.ap-northeast-2.amazonaws.com/images/09fdfcba-d3e4-4c5b-8d45-5e682305b32e-result.png','BOTTOM','BROWN',21,'2026-02-08 15:04:13',NULL),(336,'https://closetory-s3.s3.ap-northeast-2.amazonaws.com/images/e7bf0acf-2ebb-4efc-b2a6-afdde6897452-result.png','OUTER','BROWN',21,'2026-02-08 15:05:22',NULL),(337,'https://closetory-s3.s3.ap-northeast-2.amazonaws.com/images/63b352b6-672a-45fc-b21a-770829014515-result.png','TOP','BLUE',21,'2026-02-08 15:06:11',NULL),(338,'https://closetory-s3.s3.ap-northeast-2.amazonaws.com/images/9f29b3a7-9183-4417-885e-d7147449166f-result.png','TOP','BROWN',21,'2026-02-08 15:08:20',NULL),(339,'https://closetory-s3.s3.ap-northeast-2.amazonaws.com/images/3f29006f-62a6-423a-b486-dbf0f4fe61e1-result.png','BOTTOM','WHITE',21,'2026-02-08 15:10:44',NULL),(340,'https://closetory-s3.s3.ap-northeast-2.amazonaws.com/images/0d95794f-b512-40f8-bf5e-87ebd11cf24d-result.png','TOP','GRAY',21,'2026-02-08 15:13:43',NULL),(341,'https://closetory-s3.s3.ap-northeast-2.amazonaws.com/images/f9c6ddf7-2e7e-4974-9704-e1849e62870b-result.png','BOTTOM','BLUE',21,'2026-02-08 15:14:56',NULL),(342,'https://closetory-s3.s3.ap-northeast-2.amazonaws.com/images/dcf8b5f3-4de4-49c6-93a9-5982720cc845-result.png','BOTTOM','NAVY',21,'2026-02-08 15:18:12',NULL),(343,'https://closetory-s3.s3.ap-northeast-2.amazonaws.com/images/254b25c0-6885-4c6d-8d23-1292a0c3e5c7-result.png','SHOES','IVORY',21,'2026-02-08 15:20:03',NULL),(344,'https://closetory-s3.s3.ap-northeast-2.amazonaws.com/images/f708dbfa-eab5-47f4-9289-34634bdedbda-result.png','TOP','KHAKI',21,'2026-02-08 15:50:24',NULL),(345,'https://closetory-s3.s3.ap-northeast-2.amazonaws.com/images/f77f91a1-f7f2-4c05-a85f-ccede4d84875-result.png','OUTER','BLACK',21,'2026-02-08 15:50:43',NULL),(346,'https://closetory-s3.s3.ap-northeast-2.amazonaws.com/images/0100865e-eef4-4320-9d3b-ad3f29f31803-result.png','OUTER','GRAY',1,'2026-02-08 20:25:44',NULL),(347,'https://closetory-s3.s3.ap-northeast-2.amazonaws.com/images/1d5640b2-1ad2-403d-a06a-1f42793ec698-result.png','BOTTOM','IVORY',1,'2026-02-08 20:31:05',NULL),(348,'https://closetory-s3.s3.ap-northeast-2.amazonaws.com/images/ea3c7b67-b524-4b1f-9dc9-66ac67bc3cc7-result.png','BOTTOM','BLACK',1,'2026-02-08 20:40:53',NULL),(349,'https://closetory-s3.s3.ap-northeast-2.amazonaws.com/images/2dbde268-63d1-4593-a100-b3882e711052-result.png','OUTER','GRAY',1,'2026-02-08 20:45:58',NULL),(350,'https://closetory-s3.s3.ap-northeast-2.amazonaws.com/images/d9d77695-25af-40b0-8243-abc88c4c40da-result.png','TOP','IVORY',1,'2026-02-08 20:50:28',NULL);
/*!40000 ALTER TABLE `clothes` ENABLE KEYS */;
UNLOCK TABLES;

--
-- Table structure for table `clothes_looks`
--

DROP TABLE IF EXISTS `clothes_looks`;
/*!40101 SET @saved_cs_client     = @@character_set_client */;
/*!50503 SET character_set_client = utf8mb4 */;
CREATE TABLE `clothes_looks` (
  `clothes_id` int NOT NULL,
  `look_id` int NOT NULL,
  PRIMARY KEY (`clothes_id`,`look_id`),
  KEY `IDX_clothes_looks_look` (`look_id`),
  CONSTRAINT `FK_clothes_looks_clothes` FOREIGN KEY (`clothes_id`) REFERENCES `clothes` (`id`) ON DELETE CASCADE,
  CONSTRAINT `FK_clothes_looks_look` FOREIGN KEY (`look_id`) REFERENCES `looks` (`id`) ON DELETE CASCADE
) ENGINE=InnoDB DEFAULT CHARSET=utf8mb4 COLLATE=utf8mb4_0900_ai_ci;
/*!40101 SET character_set_client = @saved_cs_client */;

--
-- Dumping data for table `clothes_looks`
--

LOCK TABLES `clothes_looks` WRITE;
/*!40000 ALTER TABLE `clothes_looks` DISABLE KEYS */;
INSERT INTO `clothes_looks` VALUES (1,4),(5,4),(13,4),(3,5),(5,5),(13,5),(3,6),(5,6),(13,6),(14,7),(16,7),(18,7),(149,21),(151,21),(153,21),(158,21),(149,22),(151,22),(153,22),(158,22),(3,23),(149,23),(155,23),(157,23),(149,24),(151,24),(152,24),(158,24),(182,29),(200,29),(214,29),(244,30),(256,30),(260,30),(270,30),(244,31),(256,31),(260,31),(270,31),(192,32),(200,32),(214,32),(231,32),(253,33),(255,33),(266,33),(268,33),(269,33),(270,33),(244,34),(249,34),(260,34),(270,34),(180,35),(208,35),(214,35),(222,35),(229,35),(181,36),(202,36),(214,36),(222,36),(244,37),(256,37),(260,37),(266,37),(270,37),(180,38),(198,38),(216,38),(231,38),(204,39),(214,39),(221,39),(229,39),(243,39),(183,40),(198,40),(214,40),(221,40),(229,40),(191,41),(202,41),(209,41),(214,41),(225,41),(229,41),(191,42),(202,42),(212,42),(215,42),(225,42),(229,42),(253,43),(255,43),(265,43),(266,43),(269,43),(270,43),(250,44),(270,44),(279,44),(180,46),(200,46),(214,46),(229,46),(255,46),(266,46),(180,47),(200,47),(209,47),(215,47),(229,47),(255,47),(250,48),(270,48),(279,48),(180,49),(203,49),(209,49),(215,49),(226,49),(229,49),(206,50),(214,50),(276,50),(180,51),(200,51),(214,51),(229,51),(255,51),(266,51),(4,73),(8,73),(10,73),(13,73),(114,73),(233,73),(4,74),(7,74),(13,74),(15,74),(146,74),(184,75),(206,75),(212,75),(215,75),(197,76),(206,76),(212,76),(217,76),(188,77),(202,77),(209,77),(215,77),(222,77),(229,77),(186,78),(200,78),(215,78),(229,78),(180,79),(203,79),(216,79),(226,79),(229,79),(192,80),(207,80),(215,80),(225,80),(233,80),(180,81),(198,81),(215,81),(221,81),(232,81),(187,82),(203,82),(215,82),(221,82),(235,82),(191,83),(202,83),(209,83),(215,83),(225,83),(233,83),(180,84),(198,84),(209,84),(214,84),(222,84),(229,84),(180,85),(202,85),(209,85),(218,85),(229,85),(182,86),(203,86),(219,86),(229,86),(180,87),(204,87),(214,87),(221,87),(229,87),(197,88),(206,88),(217,88),(229,88),(180,89),(198,89),(216,89),(229,89),(183,90),(200,90),(214,90),(227,90),(229,90),(187,91),(202,91),(214,91),(229,91),(180,92),(208,92),(214,92),(229,92),(180,93),(202,93),(214,93),(229,93),(194,94),(198,94),(214,94),(229,94),(191,95),(203,95),(214,95),(229,95),(191,96),(202,96),(214,96),(225,96),(233,96),(180,97),(208,97),(215,97),(229,97),(255,97),(266,97),(4,98),(8,98),(11,98),(13,98),(187,98),(233,98),(4,101),(8,101),(10,101),(13,101),(15,101),(233,101),(7,102),(10,102),(13,102),(15,102),(200,102),(233,102),(4,103),(8,103),(10,103),(13,103),(15,103),(233,103),(7,104),(10,104),(13,104),(15,104),(200,104),(233,104),(4,105),(8,105),(10,105),(13,105),(15,105),(233,105),(4,106),(13,106),(15,106),(18,107),(22,107),(132,107),(230,107),(4,108),(8,108),(10,108),(13,108),(15,108),(233,108),(4,109),(8,109),(10,109),(13,109),(15,109),(233,109),(4,110),(8,110),(11,110),(13,110),(187,110),(233,110),(4,111),(8,111),(10,111),(13,111),(111,111),(233,111),(4,112),(8,112),(10,112),(13,112),(15,112),(233,112),(260,115),(269,115),(302,115),(307,115),(251,116),(261,116),(300,116),(249,117),(298,117),(311,117),(313,117),(296,118),(300,118),(312,118),(313,118),(267,119),(269,119),(294,119),(302,119),(269,120),(301,120),(305,120),(311,120),(255,121),(303,121),(304,121),(310,121),(313,121),(255,122),(266,122),(296,122),(303,122),(308,122),(313,122),(253,123),(255,123),(266,123),(269,123),(270,123),(308,123),(13,126),(290,126),(292,126),(180,130),(208,130),(214,130),(229,130),(255,130),(266,130),(13,131),(290,131),(291,131),(13,132),(290,132),(291,132),(13,133),(290,133),(291,133),(315,134),(316,134),(318,134),(20,136),(22,136),(320,136),(321,136),(322,136),(323,137),(324,137),(325,137),(323,138),(326,138),(327,138),(20,139),(323,139),(326,139),(327,139),(22,140),(23,140),(323,140),(324,140),(325,140),(331,140),(13,141),(22,141),(23,141),(208,141),(229,141),(290,141),(13,142),(22,142),(229,142),(290,142),(291,142),(22,143),(23,143),(229,143),(323,143),(324,143),(325,143),(20,144),(22,144),(320,144),(321,144),(322,144),(13,145),(20,145),(255,145),(266,145),(291,145),(334,145),(180,146),(208,146),(225,146),(229,146),(323,146),(198,147),(255,147),(266,147),(323,147),(326,147),(336,147),(13,148),(255,148),(266,148),(291,148),(334,148),(336,148),(180,149),(234,149),(255,149),(266,149),(323,149),(327,149),(13,150),(290,150),(347,150),(13,151),(290,151),(348,151),(13,152),(348,152),(350,152);
/*!40000 ALTER TABLE `clothes_looks` ENABLE KEYS */;
UNLOCK TABLES;

--
-- Table structure for table `clothes_seasons`
--

DROP TABLE IF EXISTS `clothes_seasons`;
/*!40101 SET @saved_cs_client     = @@character_set_client */;
/*!50503 SET character_set_client = utf8mb4 */;
CREATE TABLE `clothes_seasons` (
  `clothes_id` int NOT NULL,
  `season_id` int NOT NULL,
  PRIMARY KEY (`clothes_id`,`season_id`),
  KEY `IDX_clothes_seasons_season` (`season_id`),
  CONSTRAINT `FK_clothes_seasons_clothes` FOREIGN KEY (`clothes_id`) REFERENCES `clothes` (`id`) ON DELETE CASCADE,
  CONSTRAINT `FK_clothes_seasons_season` FOREIGN KEY (`season_id`) REFERENCES `seasons` (`id`) ON DELETE CASCADE
) ENGINE=InnoDB DEFAULT CHARSET=utf8mb4 COLLATE=utf8mb4_0900_ai_ci;
/*!40101 SET character_set_client = @saved_cs_client */;

--
-- Dumping data for table `clothes_seasons`
--

LOCK TABLES `clothes_seasons` WRITE;
/*!40000 ALTER TABLE `clothes_seasons` DISABLE KEYS */;
INSERT INTO `clothes_seasons` VALUES (1,1),(3,1),(5,1),(6,1),(8,1),(11,1),(13,1),(110,1),(111,1),(113,1),(115,1),(116,1),(119,1),(122,1),(125,1),(126,1),(127,1),(129,1),(132,1),(133,1),(134,1),(135,1),(137,1),(140,1),(167,1),(173,1),(179,1),(196,1),(198,1),(200,1),(201,1),(202,1),(206,1),(207,1),(208,1),(209,1),(210,1),(211,1),(212,1),(213,1),(214,1),(215,1),(216,1),(220,1),(223,1),(224,1),(230,1),(232,1),(236,1),(237,1),(238,1),(239,1),(240,1),(241,1),(243,1),(244,1),(245,1),(246,1),(247,1),(248,1),(261,1),(262,1),(263,1),(264,1),(265,1),(266,1),(268,1),(270,1),(271,1),(272,1),(276,1),(282,1),(286,1),(287,1),(288,1),(289,1),(293,1),(294,1),(295,1),(296,1),(297,1),(298,1),(299,1),(300,1),(301,1),(302,1),(303,1),(304,1),(305,1),(306,1),(307,1),(308,1),(309,1),(310,1),(316,1),(320,1),(323,1),(326,1),(327,1),(329,1),(330,1),(332,1),(335,1),(337,1),(338,1),(339,1),(345,1),(1,2),(3,2),(6,2),(7,2),(11,2),(13,2),(110,2),(112,2),(113,2),(114,2),(115,2),(116,2),(118,2),(119,2),(120,2),(121,2),(122,2),(125,2),(126,2),(128,2),(129,2),(130,2),(131,2),(133,2),(134,2),(135,2),(136,2),(137,2),(143,2),(144,2),(145,2),(146,2),(152,2),(156,2),(157,2),(158,2),(167,2),(168,2),(169,2),(174,2),(175,2),(177,2),(178,2),(179,2),(198,2),(200,2),(202,2),(206,2),(207,2),(208,2),(209,2),(212,2),(213,2),(214,2),(215,2),(216,2),(218,2),(219,2),(244,2),(251,2),(256,2),(257,2),(258,2),(259,2),(260,2),(266,2),(270,2),(272,2),(274,2),(278,2),(279,2),(280,2),(281,2),(284,2),(285,2),(291,2),(292,2),(298,2),(299,2),(300,2),(301,2),(310,2),(316,2),(321,2),(322,2),(323,2),(324,2),(327,2),(333,2),(341,2),(347,2),(348,2),(349,2),(2,3),(4,3),(5,3),(7,3),(8,3),(9,3),(10,3),(13,3),(107,3),(109,3),(111,3),(112,3),(113,3),(115,3),(116,3),(117,3),(118,3),(120,3),(121,3),(122,3),(125,3),(126,3),(127,3),(128,3),(129,3),(131,3),(133,3),(134,3),(135,3),(136,3),(137,3),(140,3),(141,3),(142,3),(147,3),(149,3),(150,3),(151,3),(153,3),(154,3),(155,3),(159,3),(160,3),(161,3),(162,3),(163,3),(164,3),(165,3),(166,3),(167,3),(170,3),(171,3),(172,3),(173,3),(176,3),(179,3),(183,3),(184,3),(186,3),(187,3),(188,3),(189,3),(191,3),(192,3),(193,3),(195,3),(197,3),(198,3),(200,3),(202,3),(206,3),(207,3),(208,3),(209,3),(212,3),(213,3),(214,3),(215,3),(216,3),(232,3),(233,3),(234,3),(235,3),(236,3),(239,3),(240,3),(241,3),(242,3),(243,3),(244,3),(245,3),(246,3),(248,3),(251,3),(261,3),(262,3),(263,3),(264,3),(265,3),(266,3),(268,3),(270,3),(271,3),(272,3),(273,3),(275,3),(276,3),(277,3),(282,3),(283,3),(286,3),(287,3),(288,3),(289,3),(290,3),(293,3),(294,3),(295,3),(296,3),(297,3),(298,3),(299,3),(300,3),(301,3),(302,3),(303,3),(304,3),(305,3),(306,3),(307,3),(308,3),(309,3),(310,3),(314,3),(315,3),(316,3),(317,3),(318,3),(319,3),(320,3),(321,3),(323,3),(325,3),(326,3),(328,3),(329,3),(330,3),(331,3),(332,3),(334,3),(335,3),(336,3),(337,3),(338,3),(339,3),(340,3),(342,3),(343,3),(344,3),(345,3),(346,3),(349,3),(350,3),(2,4),(4,4),(8,4),(9,4),(10,4),(12,4),(13,4),(108,4),(109,4),(111,4),(113,4),(116,4),(122,4),(125,4),(126,4),(129,4),(133,4),(134,4),(135,4),(137,4),(141,4),(142,4),(147,4),(148,4),(149,4),(150,4),(151,4),(153,4),(154,4),(155,4),(159,4),(160,4),(161,4),(162,4),(163,4),(164,4),(165,4),(166,4),(170,4),(171,4),(172,4),(176,4),(179,4),(180,4),(181,4),(182,4),(183,4),(184,4),(185,4),(186,4),(187,4),(188,4),(189,4),(191,4),(192,4),(193,4),(194,4),(195,4),(198,4),(200,4),(202,4),(203,4),(204,4),(205,4),(206,4),(207,4),(208,4),(209,4),(212,4),(213,4),(214,4),(215,4),(216,4),(217,4),(221,4),(222,4),(225,4),(226,4),(227,4),(228,4),(229,4),(231,4),(233,4),(234,4),(235,4),(242,4),(244,4),(246,4),(247,4),(249,4),(250,4),(251,4),(252,4),(253,4),(254,4),(255,4),(261,4),(263,4),(266,4),(267,4),(269,4),(271,4),(272,4),(273,4),(275,4),(277,4),(283,4),(290,4),(294,4),(295,4),(296,4),(297,4),(298,4),(300,4),(301,4),(302,4),(303,4),(304,4),(305,4),(306,4),(308,4),(311,4),(312,4),(313,4),(314,4),(315,4),(316,4),(317,4),(318,4),(319,4),(323,4),(325,4),(326,4),(328,4),(330,4),(331,4),(332,4),(334,4),(336,4),(337,4),(338,4),(339,4),(340,4),(342,4),(343,4),(344,4),(346,4),(349,4),(350,4);
/*!40000 ALTER TABLE `clothes_seasons` ENABLE KEYS */;
UNLOCK TABLES;

--
-- Table structure for table `comments`
--

DROP TABLE IF EXISTS `comments`;
/*!40101 SET @saved_cs_client     = @@character_set_client */;
/*!50503 SET character_set_client = utf8mb4 */;
CREATE TABLE `comments` (
  `id` int NOT NULL AUTO_INCREMENT,
  `content` text NOT NULL,
  `post_id` int NOT NULL,
  `user_id` int NOT NULL,
  `created_at` datetime NOT NULL,
  `deleted_at` datetime DEFAULT NULL,
  PRIMARY KEY (`id`),
  KEY `IDX_comments_post_id` (`post_id`),
  KEY `IDX_comments_user_id` (`user_id`),
  CONSTRAINT `FK_comments_post` FOREIGN KEY (`post_id`) REFERENCES `posts` (`id`),
  CONSTRAINT `FK_comments_user` FOREIGN KEY (`user_id`) REFERENCES `users` (`id`)
) ENGINE=InnoDB AUTO_INCREMENT=147 DEFAULT CHARSET=utf8mb4 COLLATE=utf8mb4_0900_ai_ci;
/*!40101 SET character_set_client = @saved_cs_client */;

--
-- Dumping data for table `comments`
--

LOCK TABLES `comments` WRITE;
/*!40000 ALTER TABLE `comments` DISABLE KEYS */;
INSERT INTO `comments` VALUES (1,'미팅룩 참고했어요. 과하지 않은 게 딱 좋네요.',1,53,'2026-02-02 12:13:34',NULL),(2,'자켓 핏이 딱 단정해서 좋아요. 신뢰감 있어 보임!',1,56,'2026-02-02 12:21:34',NULL),(3,'셔츠 컬러 뭐로 입으셨어요? 톤 조합이 깔끔해요.',1,54,'2026-02-02 12:25:34',NULL),(4,'악세 최소화 공감… 저도 손목시계만 차는 편!',1,60,'2026-02-02 12:28:34',NULL),(5,'바지 기장까지 맞추면 완성도 확 올라가죠.',1,47,'2026-02-02 12:32:34',NULL),(6,'신발은 로퍼/더비 중에 뭐가 더 무난할까요?',1,58,'2026-02-02 12:36:34',NULL),(7,'출근룩에도 그대로 적용 가능해서 저장했어요!',1,44,'2026-02-02 12:40:34',NULL),(8,'톤 다운 자켓 진짜 활용도 높네요. 추천!',1,61,'2026-02-02 12:44:34',NULL),(9,'핏이 너무 과하지 않아서 더 고급져 보여요.',1,64,'2026-02-02 12:48:34',NULL),(10,'미팅 있는 날은 이런 기본기가 최고죠.',1,51,'2026-02-02 12:52:34',NULL),(11,'셔츠 카라 각 잡힌 거 진짜 중요…',1,57,'2026-02-02 12:56:34',NULL),(12,'색 조합 안정적이라 따라하기 쉽네요!',1,63,'2026-02-02 13:00:34',NULL),(13,'가방은 어떤 스타일 매치하셨나요? 서류가방? 토트?',1,55,'2026-02-02 13:05:34',NULL),(14,'디테일이 깔끔해서 사진이 더 좋아보여요.',1,59,'2026-02-02 13:10:34',NULL),(15,'이거 진짜 “면접룩”에도 되겠는데요?',1,62,'2026-02-02 13:15:34',NULL),(16,'저장했습니다. 다음에 출근룩도 기대해요!',1,52,'2026-02-02 13:21:34',NULL),(17,'출근룩은 핏이 전부… 완전 공감합니다.',14,54,'2026-01-22 08:15:34',NULL),(18,'슬랙스 기장 어디까지가 베스트라고 보세요?',14,56,'2026-01-22 08:21:34',NULL),(19,'셔츠 어깨선 맞추는 팁 더 알려주세요!',14,47,'2026-01-22 08:24:34',NULL),(20,'신발 과하지 않게 = 여기서 승부나는 듯요.',14,48,'2026-01-22 08:27:34',NULL),(21,'벨트 컬러는 보통 신발이랑 맞추시나요?',14,60,'2026-01-22 08:30:34',NULL),(22,'요즘 출근룩 너무 캐주얼해져서 고민이었는데 도움 됨!',14,58,'2026-01-22 08:34:34',NULL),(23,'셔츠는 넣입/빼입 어떤 게 더 깔끔해요?',14,55,'2026-01-22 08:38:34',NULL),(24,'슬랙스 핏 예쁘네요. 테이퍼드인가요?',14,64,'2026-01-22 08:42:34',NULL),(25,'이 조합은 진짜 실패가 없죠. 저장!',14,52,'2026-01-22 08:47:34',NULL),(26,'상체 짧은 편인데 셔츠 길이 팁도 궁금!',14,63,'2026-01-22 08:51:34',NULL),(27,'저도 출근룩은 무채색으로 가는 편이에요.',14,42,'2026-01-22 08:56:34',NULL),(28,'가방만 바꿔도 분위기 달라지더라구요.',14,61,'2026-01-22 09:01:34',NULL),(29,'코트 걸치면 바로 겨울 출근룩 완성!',14,51,'2026-01-22 09:07:34',NULL),(30,'디테일이 정리돼 있어서 사진이 더 좋아 보여요.',14,59,'2026-01-22 09:13:34',NULL),(31,'숏패딩 진짜 부해보여서 고민이었는데 도움 됐어요!',13,55,'2026-01-22 14:11:34',NULL),(32,'슬림 하의로 밸런스… 바로 적용해봄.',13,47,'2026-01-22 14:17:34',NULL),(33,'롱부츠랑 매치하면 더 예쁠 것 같아요.',13,48,'2026-01-22 14:21:34',NULL),(34,'숏패딩 색은 어떤 게 제일 무난해요?',13,63,'2026-01-22 14:25:34',NULL),(35,'비율 얘기 공감… 상의 짧으면 하의 라인이 중요하죠.',13,52,'2026-01-22 14:29:34',NULL),(36,'패딩은 신발로 정리하면 깔끔해지더라구요.',13,56,'2026-01-22 14:33:34',NULL),(37,'출근용 숏패딩도 이런 식으로 가능하겠네요!',13,45,'2026-01-22 14:38:34',NULL),(38,'와이드 하의면 너무 부해 보일까요?',13,54,'2026-01-22 14:43:34',NULL),(39,'톤온톤으로 가면 더 안정적인 느낌!',13,59,'2026-01-22 14:48:34',NULL),(40,'자켓보다 패딩은 실루엣 잡기 더 어려움…',13,62,'2026-01-22 14:53:34',NULL),(41,'이거 저장해두고 겨울에 따라할게요!',13,58,'2026-01-22 14:59:34',NULL),(42,'하의 색까지 맞추면 진짜 깔끔해 보이네요.',13,42,'2026-01-22 15:06:34',NULL),(43,'부해보임 줄이는 팁 최고… 사진도 예뻐요.',13,61,'2026-01-22 15:13:34',NULL),(44,'이너 기본 + 아우터로 승부… 깔끔해서 좋네요.',5,60,'2026-01-31 13:52:34',NULL),(45,'짧은 자켓으로 비율 잡는 거 진짜 중요하죠.',5,47,'2026-01-31 13:58:34',NULL),(46,'아우터 추천 브랜드도 궁금해요!',5,55,'2026-01-31 14:03:34',NULL),(47,'이 조합은 출근에도 데이트에도 되겠네요.',5,54,'2026-01-31 14:08:34',NULL),(48,'컬러가 안정적이라 따라하기 쉬움!',5,42,'2026-01-31 14:14:34',NULL),(49,'신발까지 맞추면 더 완성도 올라갈 듯요.',5,48,'2026-01-31 14:19:34',NULL),(50,'아우터만 바꿔도 사진 느낌이 바뀌네요.',5,64,'2026-01-31 14:25:34',NULL),(51,'저장! 다음엔 코트 버전도 보고 싶어요.',5,61,'2026-01-31 14:31:34',NULL),(52,'핏이 깔끔해서 더 고급져 보여요.',5,56,'2026-01-31 14:37:34',NULL),(53,'이너를 어디까지 심플하게 가야할지 감 잡힘!',5,59,'2026-01-31 14:43:34',NULL),(54,'자켓 길이 선택 팁 더 있나요?',5,63,'2026-01-31 14:49:34',NULL),(55,'사진 구도도 깔끔해서 더 좋아보여요.',5,58,'2026-01-31 14:55:34',NULL),(56,'소재 믹스가 핵심이라는 말 완전 공감!',2,51,'2026-02-02 09:04:34',NULL),(57,'올블랙은 진짜 질감 차이로 살아나요.',2,56,'2026-02-02 09:09:34',NULL),(58,'가죽/니트 조합 좋아요. 과하지 않게 포인트.',2,62,'2026-02-02 09:15:34',NULL),(59,'신발은 블랙으로 통일 vs 화이트 포인트 뭐가 더 좋나요?',2,48,'2026-02-02 09:20:34',NULL),(60,'악세 하나만 더해도 느낌 확 달라질 듯!',2,59,'2026-02-02 09:26:34',NULL),(61,'올블랙 처음 도전하는 사람에게 추천할만한 조합 같아요.',2,55,'2026-02-02 09:32:34',NULL),(62,'사진이 딱 미니멀하게 예뻐요.',2,64,'2026-02-02 09:38:34',NULL),(63,'코트랑 매치하면 겨울에도 멋있겠네요.',2,61,'2026-02-02 09:45:34',NULL),(64,'가죽 비율이 너무 많으면 부담인데 딱 적당!',2,63,'2026-02-02 09:53:34',NULL),(65,'저장했습니다. 다음엔 올그레이도 보고 싶어요.',2,54,'2026-02-02 10:01:34',NULL),(66,'올블랙은 실패 없어서 좋아요.',2,42,'2026-02-02 10:08:34',NULL),(67,'3색만 돌려도 충분하다는 말 완전 맞아요.',15,60,'2026-01-21 11:13:34',NULL),(68,'아이보리 비중 늘리면 확 부드러워지더라구요.',15,63,'2026-01-21 11:18:34',NULL),(69,'그레이 톤을 어디까지 밝게 쓰는지 궁금!',15,55,'2026-01-21 11:23:34',NULL),(70,'무채색은 신발만 깨끗해도 성공 느낌.',15,48,'2026-01-21 11:28:34',NULL),(71,'출근룩/데이트룩 둘 다 가능해서 좋네요.',15,54,'2026-01-21 11:34:34',NULL),(72,'미니멀 좋아하는 사람한테 최고 조합.',15,49,'2026-01-21 11:41:34',NULL),(73,'가방이나 시계로만 포인트 주면 딱일 듯!',15,59,'2026-01-21 11:48:34',NULL),(74,'저장해두고 옷장 색깔 정리해야겠어요.',15,58,'2026-01-21 11:56:34',NULL),(75,'블랙 비중이 너무 높으면 답답한데 밸런스 좋네요.',15,56,'2026-01-21 12:04:34',NULL),(76,'사진이 심플해서 더 예뻐 보임!',15,64,'2026-01-21 12:13:34',NULL),(77,'무채색 기본기 제대로네요. 굿!',15,42,'2026-01-21 12:21:34',NULL),(78,'“로고보다 실루엣” 이 말 저장…',8,54,'2026-01-28 13:07:34',NULL),(79,'주름 적은 소재 진짜 중요하죠. 관리도 쉬움.',8,56,'2026-01-28 13:14:34',NULL),(80,'미니멀은 핏이 다라서 수선 필수 공감!',8,47,'2026-01-28 13:20:34',NULL),(81,'색은 2~3개로 끝내는 게 제일 깔끔.',8,42,'2026-01-28 13:26:34',NULL),(82,'신발까지 깨끗하면 완성도 진짜 올라가요.',8,48,'2026-01-28 13:33:34',NULL),(83,'가방도 로고 적은 걸로 맞추면 더 좋더라구요.',8,52,'2026-01-28 13:40:34',NULL),(84,'사진에서 라인이 정리돼 보여서 더 미니멀해요.',8,64,'2026-01-28 13:48:34',NULL),(85,'미니멀 어렵게 생각했는데 기준 잡힘!',8,55,'2026-01-28 13:56:34',NULL),(86,'저도 무채색 위주라 참고했습니다.',8,49,'2026-01-28 14:04:34',NULL),(87,'이런 글 더 자주 올려주세요!',8,58,'2026-01-28 14:12:34',NULL),(88,'톤온톤은 겨울에 진짜 최고… 따뜻해 보이기도 함!',3,61,'2026-02-01 13:13:34',NULL),(89,'이너 얇게 입는 팁 유용해요. 레이어드 덜 답답!',3,46,'2026-02-01 13:21:34',NULL),(90,'머플러 컬러를 코트랑 맞추는 게 포인트네요.',3,59,'2026-02-01 13:29:34',NULL),(91,'코트 길이 선택 기준도 궁금해요!',3,55,'2026-02-01 13:37:34',NULL),(92,'신발까지 톤 맞추면 완전 깔끔할 듯.',3,48,'2026-02-01 13:45:34',NULL),(93,'롱코트는 진짜 “한 벌로 끝” 느낌이라 좋아요.',3,51,'2026-02-01 13:53:34',NULL),(94,'겨울코디장인 닉값하네요… 저장!',3,54,'2026-02-01 14:01:34',NULL),(95,'톤온톤은 사진도 예쁘게 나오는 듯요.',3,64,'2026-02-01 14:09:34',NULL),(96,'이런 코디는 출근에도 가능해서 좋아요.',3,45,'2026-02-01 14:17:34',NULL),(97,'상황 따라 고르는 거 완전 공감… 이동 많으면 자켓!',17,62,'2026-01-19 13:13:34',NULL),(98,'코트는 바람 막아줘서 겨울엔 필수죠.',17,61,'2026-01-19 13:21:34',NULL),(99,'자켓은 실루엣 잡기 좋아서 자주 손 가요.',17,51,'2026-01-19 13:29:34',NULL),(100,'색은 블랙/그레이가 제일 활용도 높나요?',17,63,'2026-01-19 13:37:34',NULL),(101,'신발이랑 가방만 바꿔도 분위기 달라질 듯요.',17,52,'2026-01-19 13:45:34',NULL),(102,'코트는 길이 선택이 항상 어렵더라구요.',17,55,'2026-01-19 13:53:34',NULL),(103,'사진만 봐도 둘 다 잘 어울릴 스타일!',17,64,'2026-01-19 14:01:34',NULL),(104,'이 글 덕분에 선택 기준 생겼어요.',17,58,'2026-01-19 14:09:34',NULL),(105,'저장합니다. 상황별 코디 더 보고 싶어요!',17,54,'2026-01-19 14:17:34',NULL),(106,'포인트 1개만 두는 게 제일 세련돼 보이죠.',4,59,'2026-02-01 08:15:34',NULL),(107,'색감 초보라 이런 기준 너무 도움돼요!',4,63,'2026-02-01 08:21:34',NULL),(108,'가방/신발 중에 어디에 포인트 주는 게 더 쉬울까요?',4,55,'2026-02-01 08:27:34',NULL),(109,'저는 양말 컬러로 살짝 포인트 주는 편!',4,56,'2026-02-01 08:33:34',NULL),(110,'톤 맞추고 포인트 하나면 실패가 없네요.',4,54,'2026-02-01 08:39:34',NULL),(111,'사진에서 포인트가 딱 눈에 들어와요.',4,64,'2026-02-01 08:45:34',NULL),(112,'저장했습니다. 다음엔 컬러 조합도 보고 싶어요.',4,58,'2026-02-01 08:53:34',NULL),(113,'색을 줄이는 게 더 어렵더라구요ㅋㅋ 공감.',4,57,'2026-02-01 09:01:34',NULL),(114,'수선하고 나면 진짜 다른 옷처럼 보이죠.',7,56,'2026-01-29 11:14:34',NULL),(115,'기장 기준: 신발 덮는 정도? 발목 보이는 정도? 고민돼요.',7,55,'2026-01-29 11:21:34',NULL),(116,'테이퍼드/와이드에 따라 기장 다르게 가는 거 공감!',7,54,'2026-01-29 11:28:34',NULL),(117,'저도 수선 귀찮아서 미루는데… 해야겠네요.',7,60,'2026-01-29 11:36:34',NULL),(118,'신발이랑 같이 맞춰서 수선하면 베스트!',7,48,'2026-01-29 11:44:34',NULL),(119,'기장만 맞춰도 비율 확 좋아지는 거 인정.',7,58,'2026-01-29 11:53:34',NULL),(120,'저장해두고 바지들 한 번에 수선 맡길게요.',7,64,'2026-01-29 12:03:34',NULL),(121,'밝은색 하의로 깔면 덜 부담… 꿀팁!',16,63,'2026-01-20 09:13:34',NULL),(122,'상의 뉴트럴로 가는 거 진짜 안정적이죠.',16,56,'2026-01-20 09:21:34',NULL),(123,'밝은 데님도 여기에 포함될까요?',16,41,'2026-01-20 09:29:34',NULL),(124,'신발은 화이트로 맞추면 더 깔끔할 듯!',16,48,'2026-01-20 09:37:34',NULL),(125,'색감 초보에게 너무 도움 되는 글이에요.',16,55,'2026-01-20 09:45:34',NULL),(126,'포인트는 하나만… 기억해둘게요.',16,59,'2026-01-20 09:53:34',NULL),(127,'저장했습니다. 밝은색 도전해볼게요!',16,58,'2026-01-20 10:03:34',NULL),(128,'안녕',3,1,'2026-02-04 15:06:34','2026-02-06 09:05:04'),(129,'이쁘다~',1,1,'2026-02-04 15:27:25','2026-02-06 09:04:43'),(130,'좋은 코디 보고 가요~~',1,1,'2026-02-04 15:35:51','2026-02-06 09:04:39'),(131,'수정완료',1,1,'2026-02-04 15:35:54','2026-02-06 09:04:38'),(132,'수정입니다.',22,21,'2026-02-04 15:48:29','2026-02-04 17:28:55'),(135,'댓글 아아',26,66,'2026-02-05 15:25:48','2026-02-05 15:25:56'),(136,'오오오',26,66,'2026-02-05 15:26:05',NULL),(137,'hi',3,65,'2026-02-05 16:53:59','2026-02-05 16:54:08'),(138,'bye',3,65,'2026-02-05 16:56:06',NULL),(139,'예뻐요',1,17,'2026-02-05 17:04:43',NULL),(142,'123',1,65,'2026-02-05 23:18:33',NULL),(143,'혼날래요?',28,65,'2026-02-06 09:09:32',NULL),(144,'셀카 인증 부탁 드립니다',27,65,'2026-02-06 11:47:25',NULL),(145,'확인용',33,1,'2026-02-06 19:17:13','2026-02-06 19:17:25'),(146,'윤세야 코디 무슨 일이야???',32,65,'2026-02-07 22:45:36','2026-02-07 22:45:43');
/*!40000 ALTER TABLE `comments` ENABLE KEYS */;
UNLOCK TABLES;

--
-- Table structure for table `likes`
--

DROP TABLE IF EXISTS `likes`;
/*!40101 SET @saved_cs_client     = @@character_set_client */;
/*!50503 SET character_set_client = utf8mb4 */;
CREATE TABLE `likes` (
  `user_id` int NOT NULL,
  `post_id` int NOT NULL,
  `created_at` datetime NOT NULL,
  PRIMARY KEY (`user_id`,`post_id`),
  KEY `IDX_likes_post` (`post_id`),
  CONSTRAINT `FK_likes_post` FOREIGN KEY (`post_id`) REFERENCES `posts` (`id`) ON DELETE CASCADE,
  CONSTRAINT `FK_likes_user` FOREIGN KEY (`user_id`) REFERENCES `users` (`id`)
) ENGINE=InnoDB DEFAULT CHARSET=utf8mb4 COLLATE=utf8mb4_0900_ai_ci;
/*!40101 SET character_set_client = @saved_cs_client */;

--
-- Dumping data for table `likes`
--

LOCK TABLES `likes` WRITE;
/*!40000 ALTER TABLE `likes` DISABLE KEYS */;
INSERT INTO `likes` VALUES (1,1,'2026-02-05 12:09:59'),(1,13,'2026-01-22 14:15:34'),(1,20,'2026-01-12 10:23:34'),(1,21,'2026-01-10 14:06:34'),(1,33,'2026-02-06 17:36:43'),(1,35,'2026-02-07 15:23:20'),(1,36,'2026-02-08 17:03:45'),(1,37,'2026-02-08 17:03:43'),(1,38,'2026-02-08 17:03:41'),(1,39,'2026-02-08 17:03:39'),(1,40,'2026-02-08 17:03:35'),(1,41,'2026-02-08 17:03:32'),(1,42,'2026-02-08 17:03:31'),(1,43,'2026-02-08 17:03:29'),(1,44,'2026-02-08 17:03:27'),(1,45,'2026-02-08 17:03:25'),(1,46,'2026-02-08 17:03:24'),(1,47,'2026-02-08 17:03:22'),(1,48,'2026-02-08 17:03:21'),(1,49,'2026-02-08 17:03:19'),(1,50,'2026-02-08 17:03:16'),(1,51,'2026-02-08 17:03:15'),(1,52,'2026-02-08 17:03:13'),(1,53,'2026-02-08 17:03:11'),(1,54,'2026-02-08 17:03:07'),(1,55,'2026-02-08 17:03:05'),(1,56,'2026-02-08 17:03:03'),(1,57,'2026-02-08 17:03:02'),(2,5,'2026-01-31 13:56:34'),(2,15,'2026-01-21 11:42:34'),(2,16,'2026-01-20 11:13:34'),(3,1,'2026-02-02 13:18:34'),(3,3,'2026-02-01 13:46:34'),(3,6,'2026-01-31 10:38:34'),(3,11,'2026-01-26 10:44:34'),(3,14,'2026-01-22 09:30:34'),(3,16,'2026-01-20 10:08:34'),(4,4,'2026-02-01 08:59:34'),(4,12,'2026-01-25 14:52:34'),(5,4,'2026-02-01 08:48:34'),(5,5,'2026-01-31 14:19:34'),(5,6,'2026-01-31 11:40:34'),(5,7,'2026-01-29 12:47:34'),(5,9,'2026-01-28 09:14:34'),(5,15,'2026-01-21 11:42:34'),(5,19,'2026-01-14 12:36:34'),(6,1,'2026-02-02 14:26:34'),(6,2,'2026-02-02 11:24:34'),(6,4,'2026-02-01 10:13:34'),(6,10,'2026-01-27 14:27:34'),(6,14,'2026-01-22 08:15:34'),(6,15,'2026-01-21 13:49:34'),(6,17,'2026-01-19 13:57:34'),(6,18,'2026-01-18 10:35:34'),(6,21,'2026-01-10 11:11:34'),(7,5,'2026-01-31 16:42:34'),(7,8,'2026-01-28 15:58:34'),(7,9,'2026-01-28 07:50:34'),(7,13,'2026-01-22 15:07:34'),(7,17,'2026-01-19 14:07:34'),(7,20,'2026-01-12 09:38:34'),(8,3,'2026-02-01 14:15:34'),(8,5,'2026-01-31 14:49:34'),(8,7,'2026-01-29 13:48:34'),(8,19,'2026-01-14 13:15:34'),(9,7,'2026-01-29 14:04:34'),(9,12,'2026-01-25 16:00:34'),(9,14,'2026-01-22 08:57:34'),(10,5,'2026-01-31 15:40:34'),(10,11,'2026-01-26 11:58:34'),(10,13,'2026-01-22 16:22:34'),(10,14,'2026-01-22 08:36:34'),(10,17,'2026-01-19 13:24:34'),(10,19,'2026-01-14 14:00:34'),(11,1,'2026-02-02 14:18:34'),(11,8,'2026-01-28 14:20:34'),(11,13,'2026-01-22 16:15:34'),(11,14,'2026-01-22 09:33:34'),(12,3,'2026-02-01 15:15:34'),(12,8,'2026-01-28 15:34:34'),(12,11,'2026-01-26 10:43:34'),(12,12,'2026-01-25 14:55:34'),(12,19,'2026-01-14 14:52:34'),(12,22,'2026-01-07 13:19:34'),(13,1,'2026-02-02 12:55:34'),(13,5,'2026-01-31 14:19:34'),(13,8,'2026-01-28 13:30:34'),(13,18,'2026-01-18 10:55:34'),(13,21,'2026-01-10 11:39:34'),(14,1,'2026-02-02 13:52:34'),(14,6,'2026-01-31 12:45:34'),(15,1,'2026-02-02 14:05:34'),(15,4,'2026-02-01 10:27:34'),(15,5,'2026-01-31 15:10:34'),(15,9,'2026-01-28 09:24:34'),(15,15,'2026-01-21 11:11:34'),(15,27,'2026-02-08 17:02:28'),(15,28,'2026-02-08 17:02:25'),(15,29,'2026-02-08 17:02:21'),(15,30,'2026-02-08 17:02:16'),(15,31,'2026-02-08 17:02:13'),(15,32,'2026-02-08 17:02:10'),(15,35,'2026-02-08 17:02:07'),(15,36,'2026-02-08 17:02:04'),(15,37,'2026-02-08 17:02:03'),(15,38,'2026-02-08 17:02:00'),(15,39,'2026-02-08 17:01:58'),(15,40,'2026-02-08 17:01:55'),(15,41,'2026-02-08 17:01:52'),(15,42,'2026-02-08 17:01:49'),(15,43,'2026-02-08 17:01:47'),(15,44,'2026-02-08 17:01:44'),(15,45,'2026-02-08 17:01:41'),(15,46,'2026-02-08 17:01:39'),(15,47,'2026-02-08 17:01:37'),(15,48,'2026-02-08 17:01:32'),(15,49,'2026-02-08 17:01:30'),(15,50,'2026-02-08 17:01:28'),(15,51,'2026-02-08 17:01:26'),(15,52,'2026-02-08 17:01:23'),(15,53,'2026-02-08 17:01:21'),(15,54,'2026-02-08 17:01:19'),(15,55,'2026-02-08 17:01:16'),(15,56,'2026-02-08 17:01:14'),(15,57,'2026-02-08 17:01:12'),(16,1,'2026-02-02 12:43:34'),(16,17,'2026-01-19 14:11:34'),(16,18,'2026-01-18 12:20:34'),(17,1,'2026-02-05 13:03:21'),(17,3,'2026-02-05 15:13:52'),(17,9,'2026-01-28 07:10:34'),(17,11,'2026-02-05 15:13:58'),(17,16,'2026-01-20 09:42:34'),(18,2,'2026-02-02 09:27:34'),(18,3,'2026-02-01 13:54:34'),(18,8,'2026-01-28 14:22:34'),(18,14,'2026-01-22 11:04:34'),(18,18,'2026-01-18 12:40:34'),(19,1,'2026-02-02 12:55:34'),(19,5,'2026-01-31 14:16:34'),(19,17,'2026-01-19 13:16:34'),(19,18,'2026-01-18 10:48:34'),(20,6,'2026-01-31 11:31:34'),(21,3,'2026-02-08 15:26:19'),(21,8,'2026-01-28 14:24:34'),(21,10,'2026-02-08 15:26:31'),(21,13,'2026-01-22 14:51:34'),(21,20,'2026-01-12 10:27:34'),(21,29,'2026-02-08 15:26:10'),(21,31,'2026-02-08 15:26:13'),(21,32,'2026-02-08 15:25:53'),(21,35,'2026-02-08 15:25:42'),(21,36,'2026-02-08 15:25:36'),(21,37,'2026-02-08 14:43:16'),(21,54,'2026-02-08 16:09:05'),(21,55,'2026-02-08 16:08:07'),(21,56,'2026-02-08 16:07:53'),(21,57,'2026-02-08 16:07:25'),(22,1,'2026-02-02 14:48:34'),(22,8,'2026-01-28 15:31:34'),(22,14,'2026-01-22 10:21:34'),(22,15,'2026-01-21 13:58:34'),(22,19,'2026-01-14 13:24:34'),(23,8,'2026-01-28 14:55:34'),(23,13,'2026-01-22 14:41:34'),(23,14,'2026-01-22 08:24:34'),(23,15,'2026-01-21 12:42:34'),(23,21,'2026-01-10 13:19:34'),(24,1,'2026-02-02 12:13:34'),(24,3,'2026-02-01 15:51:34'),(24,4,'2026-02-01 09:44:34'),(24,7,'2026-01-29 13:25:34'),(24,8,'2026-01-28 14:30:34'),(24,11,'2026-01-26 09:17:34'),(25,2,'2026-02-02 09:08:34'),(25,3,'2026-02-01 15:35:34'),(25,11,'2026-01-26 09:26:34'),(25,15,'2026-01-21 13:03:34'),(25,22,'2026-01-07 14:34:34'),(26,8,'2026-01-28 15:58:34'),(26,10,'2026-01-27 13:05:34'),(26,13,'2026-01-22 16:52:34'),(27,5,'2026-01-31 16:00:34'),(27,13,'2026-01-22 16:22:34'),(28,3,'2026-02-01 14:37:34'),(28,14,'2026-01-22 10:44:34'),(28,15,'2026-01-21 12:45:34'),(28,17,'2026-01-19 13:44:34'),(29,12,'2026-01-25 15:41:34'),(29,14,'2026-01-22 09:26:34'),(29,16,'2026-01-20 10:37:34'),(30,2,'2026-02-02 09:59:34'),(30,5,'2026-01-31 16:45:34'),(30,7,'2026-01-29 12:54:34'),(30,8,'2026-01-28 15:42:34'),(30,10,'2026-01-27 14:37:34'),(30,16,'2026-01-20 09:24:34'),(31,2,'2026-02-02 11:51:34'),(31,4,'2026-02-01 09:25:34'),(31,11,'2026-01-26 11:15:34'),(31,13,'2026-01-22 14:35:34'),(31,16,'2026-01-20 10:04:34'),(31,18,'2026-01-18 11:55:34'),(31,19,'2026-01-14 13:04:34'),(32,2,'2026-02-02 09:38:34'),(32,3,'2026-02-01 13:22:34'),(32,4,'2026-02-01 11:02:34'),(32,7,'2026-01-29 13:13:34'),(32,13,'2026-01-22 16:56:34'),(32,14,'2026-01-22 10:12:34'),(32,15,'2026-01-21 12:18:34'),(33,10,'2026-01-27 13:00:34'),(33,11,'2026-01-26 11:41:34'),(33,14,'2026-01-22 09:24:34'),(33,16,'2026-01-20 10:14:34'),(33,20,'2026-01-12 11:44:34'),(34,1,'2026-02-02 12:32:34'),(34,7,'2026-01-29 13:43:34'),(34,11,'2026-01-26 10:48:34'),(34,17,'2026-01-19 15:43:34'),(34,21,'2026-01-10 13:02:34'),(35,1,'2026-02-02 14:37:34'),(35,2,'2026-02-02 09:59:34'),(35,5,'2026-01-31 16:47:34'),(35,7,'2026-01-29 13:18:34'),(35,17,'2026-01-19 14:52:34'),(36,1,'2026-02-02 13:53:34'),(36,2,'2026-02-02 11:18:34'),(36,3,'2026-02-01 14:18:34'),(36,5,'2026-01-31 13:57:34'),(37,9,'2026-01-28 08:46:34'),(37,16,'2026-01-20 11:07:34'),(37,19,'2026-01-14 13:03:34'),(38,5,'2026-01-31 14:53:34'),(38,11,'2026-01-26 10:29:34'),(38,13,'2026-01-22 15:43:34'),(38,14,'2026-01-22 10:28:34'),(38,17,'2026-01-19 14:06:34'),(38,19,'2026-01-14 13:59:34'),(39,8,'2026-01-28 14:04:34'),(39,10,'2026-01-27 14:57:34'),(40,1,'2026-02-02 12:47:34'),(40,7,'2026-01-29 11:58:34'),(40,14,'2026-01-22 08:08:34'),(40,15,'2026-01-21 13:37:34'),(40,20,'2026-01-12 09:59:34'),(41,2,'2026-02-02 10:06:34'),(41,3,'2026-02-01 14:36:34'),(41,5,'2026-01-31 15:32:34'),(41,8,'2026-01-28 14:54:34'),(41,13,'2026-01-22 16:54:34'),(42,1,'2026-02-02 13:20:34'),(42,5,'2026-01-31 15:12:34'),(42,6,'2026-01-31 10:10:34'),(42,22,'2026-01-07 13:26:34'),(43,1,'2026-02-02 13:56:34'),(43,4,'2026-02-01 09:59:34'),(43,5,'2026-01-31 15:42:34'),(43,19,'2026-01-14 12:37:34'),(43,21,'2026-01-10 12:13:34'),(44,2,'2026-02-02 09:25:34'),(44,4,'2026-02-01 09:08:34'),(44,15,'2026-01-21 11:26:34'),(44,18,'2026-01-18 11:24:34'),(45,10,'2026-01-27 13:39:34'),(45,20,'2026-01-12 09:31:34'),(45,21,'2026-01-10 12:04:34'),(46,1,'2026-02-02 13:32:34'),(46,4,'2026-02-01 09:18:34'),(46,8,'2026-01-28 13:34:34'),(46,13,'2026-01-22 15:55:34'),(46,15,'2026-01-21 11:43:34'),(46,16,'2026-01-20 11:54:34'),(47,14,'2026-01-22 08:31:34'),(48,7,'2026-01-29 12:06:34'),(48,13,'2026-01-22 14:54:34'),(49,1,'2026-02-02 14:49:34'),(49,4,'2026-02-01 08:57:34'),(49,10,'2026-01-27 12:31:34'),(49,13,'2026-01-22 15:26:34'),(49,14,'2026-01-22 09:33:34'),(50,13,'2026-01-22 14:08:34'),(50,15,'2026-01-21 11:21:34'),(50,17,'2026-01-19 13:22:34'),(50,20,'2026-01-12 09:23:34'),(51,3,'2026-02-01 13:35:34'),(51,15,'2026-01-21 11:47:34'),(51,18,'2026-01-18 10:43:34'),(51,22,'2026-01-07 15:05:34'),(52,2,'2026-02-02 09:41:34'),(52,4,'2026-02-01 09:15:34'),(52,6,'2026-01-31 11:10:34'),(52,13,'2026-01-22 15:34:34'),(52,17,'2026-01-19 14:35:34'),(54,6,'2026-01-31 11:27:34'),(54,13,'2026-01-22 15:20:34'),(54,16,'2026-01-20 10:08:34'),(55,1,'2026-02-02 14:48:34'),(55,6,'2026-01-31 12:25:34'),(55,13,'2026-01-22 16:29:34'),(55,18,'2026-01-18 10:32:34'),(55,20,'2026-01-12 11:32:34'),(56,3,'2026-02-01 15:09:34'),(56,14,'2026-01-22 08:40:34'),(56,22,'2026-01-07 15:18:34'),(57,9,'2026-01-28 08:00:34'),(57,15,'2026-01-21 13:47:34'),(58,1,'2026-02-02 13:14:34'),(58,2,'2026-02-02 09:54:34'),(58,7,'2026-01-29 13:31:34'),(58,15,'2026-01-21 11:12:34'),(58,17,'2026-01-19 15:30:34'),(58,22,'2026-01-07 14:02:34'),(59,3,'2026-02-01 15:26:34'),(60,1,'2026-02-02 12:27:34'),(60,2,'2026-02-02 09:03:34'),(60,8,'2026-01-28 13:32:34'),(60,11,'2026-01-26 10:46:34'),(60,17,'2026-01-19 14:13:34'),(61,2,'2026-02-02 09:01:34'),(61,14,'2026-01-22 09:39:34'),(61,16,'2026-01-20 10:21:34'),(62,2,'2026-02-02 09:06:34'),(62,6,'2026-01-31 11:36:34'),(62,12,'2026-01-25 13:52:34'),(62,14,'2026-01-22 09:42:34'),(63,1,'2026-02-02 13:42:34'),(63,2,'2026-02-02 11:15:34'),(63,3,'2026-02-01 15:23:34'),(63,5,'2026-01-31 14:15:34'),(63,6,'2026-01-31 12:28:34'),(63,7,'2026-01-29 13:52:34'),(64,2,'2026-02-02 09:10:34'),(64,5,'2026-01-31 15:19:34'),(64,14,'2026-01-22 10:24:34'),(64,22,'2026-01-07 14:56:34'),(65,1,'2026-02-08 15:55:09'),(65,3,'2026-02-08 15:55:14'),(65,4,'2026-02-08 15:55:19'),(65,5,'2026-02-08 15:55:17'),(65,7,'2026-02-08 15:55:22'),(65,8,'2026-02-08 15:55:24'),(65,10,'2026-02-08 15:55:30'),(65,11,'2026-02-08 15:55:28'),(65,13,'2026-02-08 15:55:32'),(65,14,'2026-02-08 15:55:35'),(65,15,'2026-02-08 15:55:34'),(65,27,'2026-02-08 15:55:12'),(65,28,'2026-02-08 15:55:06'),(65,29,'2026-02-06 12:42:56'),(65,30,'2026-02-08 15:54:57'),(65,31,'2026-02-08 15:54:55'),(65,32,'2026-02-08 15:54:50'),(65,35,'2026-02-08 15:54:45'),(65,36,'2026-02-08 15:54:43'),(65,37,'2026-02-08 15:54:39'),(65,38,'2026-02-08 15:54:37'),(65,39,'2026-02-08 15:54:35'),(65,40,'2026-02-08 15:54:33'),(65,41,'2026-02-08 15:54:31'),(65,42,'2026-02-08 15:54:27'),(65,43,'2026-02-08 15:54:25'),(65,44,'2026-02-08 15:54:22'),(65,45,'2026-02-08 15:54:20'),(65,46,'2026-02-08 15:54:17'),(65,47,'2026-02-08 15:54:14'),(65,48,'2026-02-08 15:54:12'),(65,49,'2026-02-08 15:54:09'),(65,50,'2026-02-08 15:54:07'),(65,51,'2026-02-08 15:54:04'),(65,52,'2026-02-08 15:53:58'),(65,53,'2026-02-08 15:54:02'),(65,54,'2026-02-08 15:54:00'),(65,55,'2026-02-08 15:53:56'),(67,27,'2026-02-06 01:09:08'),(67,28,'2026-02-06 01:12:16'),(67,32,'2026-02-06 14:34:10'),(67,33,'2026-02-06 17:19:56'),(70,1,'2026-02-08 16:59:53'),(70,2,'2026-02-08 16:59:57'),(70,3,'2026-02-08 17:00:00'),(70,4,'2026-02-08 17:00:04'),(70,5,'2026-02-08 17:00:06'),(70,6,'2026-02-08 17:00:09'),(70,7,'2026-02-08 17:00:13'),(70,8,'2026-02-08 17:00:16'),(70,9,'2026-02-08 17:00:18'),(70,10,'2026-02-08 17:00:22'),(70,11,'2026-02-08 17:00:25'),(70,12,'2026-02-08 17:00:30'),(70,13,'2026-02-08 17:00:32'),(70,14,'2026-02-08 17:00:36'),(70,15,'2026-02-08 17:00:39'),(70,27,'2026-02-08 16:59:49'),(70,28,'2026-02-08 16:59:44'),(70,29,'2026-02-08 16:59:42'),(70,30,'2026-02-08 16:59:38'),(70,31,'2026-02-08 16:59:37'),(70,32,'2026-02-08 16:59:32'),(70,35,'2026-02-08 16:59:30'),(70,36,'2026-02-08 16:59:27'),(70,37,'2026-02-08 16:59:24'),(70,38,'2026-02-08 16:59:18'),(70,39,'2026-02-08 16:59:15'),(70,40,'2026-02-08 16:59:09'),(70,41,'2026-02-08 16:59:04'),(70,42,'2026-02-08 16:58:58'),(70,43,'2026-02-08 16:58:55'),(70,44,'2026-02-08 16:58:51'),(70,45,'2026-02-08 16:58:48'),(70,46,'2026-02-08 16:58:35'),(70,47,'2026-02-08 16:58:32'),(70,48,'2026-02-08 16:58:21'),(70,49,'2026-02-08 16:58:19'),(70,50,'2026-02-08 16:58:12'),(70,51,'2026-02-08 16:58:09'),(70,52,'2026-02-08 16:58:05'),(70,53,'2026-02-08 16:58:03'),(70,54,'2026-02-08 16:57:57'),(70,55,'2026-02-08 16:57:54'),(70,56,'2026-02-08 16:57:49'),(70,57,'2026-02-08 16:57:47'),(72,40,'2026-02-07 20:19:27');
/*!40000 ALTER TABLE `likes` ENABLE KEYS */;
UNLOCK TABLES;

--
-- Table structure for table `looks`
--

DROP TABLE IF EXISTS `looks`;
/*!40101 SET @saved_cs_client     = @@character_set_client */;
/*!50503 SET character_set_client = utf8mb4 */;
CREATE TABLE `looks` (
  `id` int NOT NULL AUTO_INCREMENT,
  `date` date DEFAULT NULL,
  `reason` text,
  `user_id` int NOT NULL,
  `photo_url` varchar(255) NOT NULL,
  `created_at` datetime NOT NULL,
  PRIMARY KEY (`id`),
  KEY `IDX_looks_user_id` (`user_id`),
  CONSTRAINT `FK_looks_user` FOREIGN KEY (`user_id`) REFERENCES `users` (`id`)
) ENGINE=InnoDB AUTO_INCREMENT=153 DEFAULT CHARSET=utf8mb4 COLLATE=utf8mb4_0900_ai_ci;
/*!40101 SET character_set_client = @saved_cs_client */;

--
-- Dumping data for table `looks`
--

LOCK TABLES `looks` WRITE;
/*!40000 ALTER TABLE `looks` DISABLE KEYS */;
INSERT INTO `looks` VALUES (4,'2026-01-02',NULL,21,'https://closetory-s3.s3.ap-northeast-2.amazonaws.com/images/9afc0b0a-4b30-42bf-9446-5751dacaaf77-result.png','2026-01-30 09:07:35'),(5,'2026-02-01',NULL,21,'https://closetory-s3.s3.ap-northeast-2.amazonaws.com/images/d2204eff-ddbb-4086-8d09-14299247b131-result.png','2026-01-30 10:09:35'),(6,'2026-02-16','~와 같은 이유로 추천합니다.',21,'https://closetory-s3.s3.ap-northeast-2.amazonaws.com/images/d2204eff-ddbb-4086-8d09-14299247b131-result.png','2026-01-30 10:12:31'),(7,'2026-03-20',NULL,21,'https://closetory-s3.s3.ap-northeast-2.amazonaws.com/images/3f713b58-d404-4ae2-81b0-6b4eb5b964f2-result.png','2026-01-30 17:32:18'),(21,'2026-02-09','모던하면서도 차가운 도시의 감성을 담기 위해 블랙과 그레이, 그리고 딥한 컬러감을 활용한 세련된 미니멀 룩을 제안합니다. 한겨울의 추위에도 스타일을 놓치지 않도록 보온성이 뛰어난 딥 그린 브이넥 니트와 실루엣이 정갈한 블랙 롱 코트를 매치했습니다. 하의는 깔끔한 핏의 슬랙스를 선택하여 지적인 분위기를 강조했으며, 전체적인 톤을 맞춰주는 블랙 레더 슈즈로 마무리하여 전문적이고 도회적인 겨울 스타일링을 완성했습니다.',17,'https://closetory-s3.s3.ap-northeast-2.amazonaws.com/images/548104f1-6f25-4a90-8ed4-351a8eb8f374-result.png','2026-02-04 10:16:42'),(22,'2026-02-13','깊고 진한 인디고 컬러가 주는 특유의 단정하면서도 묵직한 분위기를 겨울 시즌에 맞게 재해석했습니다. 데님 셔츠의 견고한 느낌을 대신해 보온성이 뛰어난 다크 그린 컬러의 브이넥 니트를 선택하였고, 여기에 차분한 브라운 톤의 와이드 슬랙스를 매치하여 세련된 컬러 밸런스를 완성했습니다. 마지막으로 직선적인 실루엣의 블랙 코트를 레이어드하여, 추운 날씨에도 스타일의 중심을 잃지 않는 미니멀한 윈터 룩을 제안합니다.',17,'https://closetory-s3.s3.ap-northeast-2.amazonaws.com/images/02cf9bfd-03ac-4646-8267-2f1ce5d4dcca-result.png','2026-02-04 13:20:26'),(23,NULL,NULL,17,'https://closetory-s3.s3.ap-northeast-2.amazonaws.com/images/bdda77c5-55fd-4999-8b41-ec7a11bf6f2b-result.png','2026-02-04 13:21:50'),(24,'2026-02-05',NULL,17,'https://closetory-s3.s3.ap-northeast-2.amazonaws.com/images/965b73c3-a978-4061-9b66-910b37671565-result.png','2026-02-04 13:23:31'),(29,'2026-02-01',NULL,65,'https://closetory-s3.s3.ap-northeast-2.amazonaws.com/images/ca6a69e2-e426-461e-89c0-e78e00bb46b3-result.png','2026-02-06 10:20:53'),(30,'2026-02-17',NULL,67,'https://closetory-s3.s3.ap-northeast-2.amazonaws.com/images/00dc1d7f-f989-4248-945e-46a3deb73933-result.png','2026-02-06 10:25:04'),(31,'2026-02-20',NULL,67,'https://closetory-s3.s3.ap-northeast-2.amazonaws.com/images/4c11477f-0271-43f8-9fc2-875a73f8a008-result.png','2026-02-06 10:25:53'),(32,'2026-02-04',NULL,65,'https://closetory-s3.s3.ap-northeast-2.amazonaws.com/images/5a7c948a-2ee8-49d6-9bb5-7393c2e584c7-result.png','2026-02-06 10:26:42'),(33,'2026-02-11','전체적으로 차분한 뉴트럴 톤을 베이스로 하여 세련되면서도 따뜻한 분위기의 윈터 룩을 연출했습니다. 보온성이 뛰어난 집업 니트와 부드러운 색감의 슬랙스를 매치하여 깔끔한 실루엣을 유지했고, 여기에 블랙 컬러의 숏패딩을 더해 도심 속에서도 활동적인 무드를 느낄 수 있도록 구성했습니다. 자칫 단조로울 수 있는 코디에 톤온톤 머플러를 레이어드하여 겨울철 머스트해브 스타일링을 완성했으며, 블랙 백팩과 스니커즈로 마무리하여 시크한 포인트를 주었습니다.',67,'https://closetory-s3.s3.ap-northeast-2.amazonaws.com/images/77d6d809-fb7d-445b-842a-a992ce3fb391-result.png','2026-02-06 10:27:44'),(34,'2026-02-10',NULL,67,'https://closetory-s3.s3.ap-northeast-2.amazonaws.com/images/ff4504bc-7528-4af7-987e-b0326f0726a5-result.png','2026-02-06 10:28:51'),(35,NULL,NULL,65,'https://closetory-s3.s3.ap-northeast-2.amazonaws.com/images/e4357ba4-3127-4f38-b3bf-7593910292b8-result.png','2026-02-06 10:29:44'),(36,'2026-02-02',NULL,65,'https://closetory-s3.s3.ap-northeast-2.amazonaws.com/images/8dc68489-a7cd-4abb-8496-58ce3ca7c2d6-result.png','2026-02-06 10:31:32'),(37,'2026-02-09',NULL,67,'https://closetory-s3.s3.ap-northeast-2.amazonaws.com/images/3bd6ebdf-207a-4b11-a989-c85ea2303a1b-result.png','2026-02-06 10:31:59'),(38,'2026-02-05',NULL,65,'https://closetory-s3.s3.ap-northeast-2.amazonaws.com/images/3716d473-ee1a-4c8e-bbcb-2e6a002a15fc-result.png','2026-02-06 10:48:23'),(39,'2026-01-27',NULL,65,'https://closetory-s3.s3.ap-northeast-2.amazonaws.com/images/0a85347d-91ef-4b7c-ab9a-22256c163345-result.png','2026-02-06 10:51:14'),(40,'2026-02-03',NULL,65,'https://closetory-s3.s3.ap-northeast-2.amazonaws.com/images/614b9454-cac2-4f46-b7a7-1588acd62f76-result.png','2026-02-06 11:33:11'),(41,'2026-01-28',NULL,65,'https://closetory-s3.s3.ap-northeast-2.amazonaws.com/images/3475a34b-3959-4066-b4ad-1f1ffd885e3d-result.png','2026-02-06 11:35:38'),(42,'2026-01-30',NULL,65,'https://closetory-s3.s3.ap-northeast-2.amazonaws.com/images/79519481-605e-4808-9c8d-dcf98d0059cc-result.png','2026-02-06 11:36:21'),(43,'2026-02-03','세련되면서도 도시적인 무드를 유지하며 추운 겨울 날씨에 완벽하게 대응할 수 있는 스타일링입니다. 메인 아이템으로 선택한 토프 컬러의 집업 니트는 특유의 차분하고 고급스러운 색감을 잘 전달하며, 여기에 보온성이 뛰어난 블랙 숏패딩을 매치하여 실용적인 겨울 룩을 완성했습니다. 깔끔한 그레이 슬랙스와 스니커즈의 조합은 활동성을 챙기면서도 단정한 실루엣을 유지해주고, 포근한 머플러를 더해 따뜻함과 스타일의 완성도를 동시에 높인 스마트 캐주얼 룩을 연출했습니다.',67,'https://closetory-s3.s3.ap-northeast-2.amazonaws.com/images/7f44caa4-5719-4aed-84a7-83cb6074a8a6-result.png','2026-02-06 12:25:26'),(44,NULL,NULL,67,'https://closetory-s3.s3.ap-northeast-2.amazonaws.com/images/96608f65-9129-48a8-822b-7d23a1759682-result.png','2026-02-06 12:29:17'),(46,NULL,'추운 겨울 날씨에도 밝고 화사한 분위기를 유지할 수 있도록 아이보리 숏 패딩과 베이지 톤의 하프 집업 니트를 조합했습니다. 상의의 부드러운 컬러감과 조화를 이루는 워싱 데님을 매치해 캐주얼하면서도 정돈된 무드를 연출했으며, 톤온톤 머플러로 보온성을 더했습니다. 전체적인 실루엣을 잡아주는 볼륨 있는 스니커즈와 깔끔한 백팩을 더해 데일리하면서도 세련된 윈터 룩을 제안합니다.',65,'https://closetory-s3.s3.ap-northeast-2.amazonaws.com/images/034f4be2-f083-4657-9d8d-486f8ad93492-result.png','2026-02-06 12:57:18'),(47,NULL,'겨울철 차분하면서도 화사한 분위기를 연출하기 위해 아이보리 톤의 푸퍼 패딩과 베이지 컬러의 하프 집업 니트를 매치했습니다. 전체적인 컬러 밸런스를 고려해 중청 데님 팬츠로 캐주얼한 감성을 더했으며, 보온성을 높여주는 뉴트럴 톤의 머플러와 실용적인 메신저 백을 조합해 세련된 데일리 윈터 룩을 완성했습니다.',65,'https://closetory-s3.s3.ap-northeast-2.amazonaws.com/images/bdf1df8d-111a-4734-af6c-d5dddde86b70-result.png','2026-02-06 13:07:23'),(48,NULL,NULL,65,'https://closetory-s3.s3.ap-northeast-2.amazonaws.com/images/9c32f4b9-fb38-4cb4-a693-7f7f04a74e39-result.png','2026-02-06 13:19:19'),(49,NULL,'전체적으로 부드러운 베이지와 화이트 톤을 베이스로 하여, 깔끔하면서도 지적인 미니멀 캐주얼 무드를 완성했습니다. 추운 겨울 날씨에 대비해 보온성이 우수한 헤비 게이지의 반집업 니트와 계절감이 돋보이는 코듀로이 팬츠를 매치하였으며, 여기에 볼륨감 있는 패딩과 톤온톤 머플러를 레이어드하여 포근하면서도 입체적인 실루엣을 연출했습니다. 자칫 단조로울 수 있는 밝은 톤의 배색에 블랙 컬러의 메신저 백으로 중심을 잡아주어 안정감과 활동성을 동시에 챙긴 세련된 데일리 룩입니다.',65,'https://closetory-s3.s3.ap-northeast-2.amazonaws.com/images/a80da98f-9d0f-4091-8b18-84cd801ea493-result.png','2026-02-06 13:26:07'),(50,'2026-01-23',NULL,65,'https://closetory-s3.s3.ap-northeast-2.amazonaws.com/images/35682878-5e9a-4a4f-8cab-f830d8dc94db-result.png','2026-02-06 13:33:30'),(51,NULL,'전체적으로 차분하고 따뜻한 베이지와 화이트 톤을 메인으로 활용하여 깔끔한 겨울 데일리 룩을 구성했습니다. 보온성이 뛰어난 베이지 컬러의 하프 집업 니트와 화이트 패딩의 조합은 포근하면서도 정돈된 인상을 주며, 여기에 자연스러운 워싱의 데님 팬츠를 매치해 활동성을 더했습니다. 마무리로 톤온톤의 머플러와 세련된 블랙 백팩을 선택하여 계절감에 완벽히 어울리는 스타일리시한 무드를 완성했습니다.',65,'https://closetory-s3.s3.ap-northeast-2.amazonaws.com/images/854c7c74-6be5-497f-818b-911810faf50a-result.png','2026-02-06 13:40:45'),(73,NULL,'세련된 무드를 유지하면서도 겨울의 추위에 대비할 수 있는 미니멀 시크 룩을 제안해 드립니다. 묵직한 무게감의 블랙 코트와 부드러운 크림 톤의 상의를 매치하여 정갈한 색감 조화를 이루었으며, 와이드한 블랙 팬츠로 시크한 실루엣을 완성했습니다. 여기에 보온성을 더해줄 비니와 깔끔한 블랙 백을 곁들여, 도시적인 세련미와 실용성을 모두 갖춘 완벽한 겨울 코디입니다.',1,'https://closetory-s3.s3.ap-northeast-2.amazonaws.com/images/90b3c01b-0c38-43ce-820f-806985e53cde-result.png','2026-02-06 18:06:29'),(74,NULL,NULL,1,'https://closetory-s3.s3.ap-northeast-2.amazonaws.com/images/46714d6e-24a5-4595-9133-471fe1ddc726-result.png','2026-02-06 18:07:35'),(75,'2026-01-31',NULL,65,'https://closetory-s3.s3.ap-northeast-2.amazonaws.com/images/c41d4a25-e25c-4e1e-b434-8600c42a4605-result.png','2026-02-07 00:11:36'),(76,'2026-01-24',NULL,65,'https://closetory-s3.s3.ap-northeast-2.amazonaws.com/images/9f92064c-b831-44a5-be5a-cc475acfbd02-result.png','2026-02-07 00:13:26'),(77,'2026-02-06',NULL,65,'https://closetory-s3.s3.ap-northeast-2.amazonaws.com/images/fd5ffeee-8772-44dd-853b-7a7308a82120-result.png','2026-02-07 00:17:15'),(78,'2026-02-07',NULL,65,'https://closetory-s3.s3.ap-northeast-2.amazonaws.com/images/8b37a513-9124-43de-947e-c64eaae34304-result.png','2026-02-07 00:19:51'),(79,'2026-02-09',NULL,65,'https://closetory-s3.s3.ap-northeast-2.amazonaws.com/images/0846d107-08ad-49d8-9547-c2cb12b2810d-result.png','2026-02-07 00:23:41'),(80,'2026-01-29',NULL,65,'https://closetory-s3.s3.ap-northeast-2.amazonaws.com/images/7d6e3b48-73fe-405d-bd0c-46d3aee503dd-result.png','2026-02-07 00:26:05'),(81,'2026-01-26',NULL,65,'https://closetory-s3.s3.ap-northeast-2.amazonaws.com/images/bf546256-09c5-471c-89c5-c740fcc72c87-result.png','2026-02-07 00:27:33'),(82,'2026-01-25',NULL,65,'https://closetory-s3.s3.ap-northeast-2.amazonaws.com/images/83c03cef-5a61-4ba9-8802-b52a255a4ab4-result.png','2026-02-07 00:29:44'),(83,'2026-02-08',NULL,65,'https://closetory-s3.s3.ap-northeast-2.amazonaws.com/images/a60c76f0-dabc-4fbe-a21d-87e34c711be5-result.png','2026-02-07 00:32:15'),(84,'2026-01-21',NULL,65,'https://closetory-s3.s3.ap-northeast-2.amazonaws.com/images/c0dffb0a-7865-4b6f-bb0f-0f216d26315e-result.png','2026-02-07 00:34:09'),(85,'2026-01-22',NULL,65,'https://closetory-s3.s3.ap-northeast-2.amazonaws.com/images/cccb6c90-b638-4c50-b15f-4b761fa396c9-result.png','2026-02-07 00:35:37'),(86,'2026-01-20',NULL,65,'https://closetory-s3.s3.ap-northeast-2.amazonaws.com/images/85a5453b-2203-4370-a154-534519647bf6-result.png','2026-02-07 00:37:14'),(87,'2026-01-19',NULL,65,'https://closetory-s3.s3.ap-northeast-2.amazonaws.com/images/4b960efe-7613-42cc-a6d5-652e6e047b3e-result.png','2026-02-07 00:38:37'),(88,'2026-01-18',NULL,65,'https://closetory-s3.s3.ap-northeast-2.amazonaws.com/images/623aed34-1bd7-42ed-beb9-daf6102d4e57-result.png','2026-02-07 00:40:19'),(89,'2026-01-17',NULL,65,'https://closetory-s3.s3.ap-northeast-2.amazonaws.com/images/31961a4a-12ce-4dfd-a6e1-e02b328ecdf5-result.png','2026-02-07 00:42:43'),(90,'2026-01-16',NULL,65,'https://closetory-s3.s3.ap-northeast-2.amazonaws.com/images/119699a8-25f2-4f7d-8852-04fd0e5ea9a0-result.png','2026-02-07 00:45:20'),(91,'2026-01-15',NULL,65,'https://closetory-s3.s3.ap-northeast-2.amazonaws.com/images/de414fa0-bc8d-4c7a-939f-855693594b2b-result.png','2026-02-07 00:46:18'),(92,'2026-01-14',NULL,65,'https://closetory-s3.s3.ap-northeast-2.amazonaws.com/images/fac81eff-c9c9-4d27-b9e6-0f163b097067-result.png','2026-02-07 00:48:25'),(93,'2026-01-11',NULL,65,'https://closetory-s3.s3.ap-northeast-2.amazonaws.com/images/87b4d275-8fc4-4c64-9a86-254e3802c5d9-result.png','2026-02-07 00:50:17'),(94,'2026-01-13',NULL,65,'https://closetory-s3.s3.ap-northeast-2.amazonaws.com/images/7854f857-9d77-4339-b469-08a3963bc34f-result.png','2026-02-07 00:51:59'),(95,'2026-01-12',NULL,65,'https://closetory-s3.s3.ap-northeast-2.amazonaws.com/images/499971f1-a8a6-4a17-87cd-95b9a3cf9ad2-result.png','2026-02-07 00:53:26'),(96,NULL,NULL,65,'https://closetory-s3.s3.ap-northeast-2.amazonaws.com/images/c76c5398-f486-4125-8d40-09e6a735cd88-result.png','2026-02-07 01:15:21'),(97,NULL,'포근한 베이지와 깨끗한 화이트 컬러를 매치하여 부드러우면서도 정돈된 분위기의 룩을 연출했습니다. 보온성이 뛰어난 하프집업 니트와 활동적인 데님 팬츠의 조합은 겨울철 데일리룩으로 제격이며, 여기에 비슷한 톤의 머플러를 더해 세련된 무드와 따뜻함을 동시에 잡았습니다. 군더더기 없는 디자인의 백팩을 더해 실용성까지 챙긴 미니멀한 캐주얼 스타일링입니다.',65,'https://closetory-s3.s3.ap-northeast-2.amazonaws.com/images/ade8400e-cfdd-4735-a98e-f9f135e1b8be-result.png','2026-02-07 01:33:14'),(98,NULL,'도시적인 스트릿 감성을 겨울에 맞춰 세련되게 재해석해 보았습니다. 화사한 핑크 톤의 케이블 니트를 메인으로 선택하여 전체적인 분위기에 생기를 불어넣었으며, 블랙 롱 코트와 팬츠를 매치해 시크한 도심 속 스타일을 완성했습니다. 겨울철 기온에 맞춰 따뜻한 소재감의 블랙 비니를 더해 활동적인 무드와 보온성을 동시에 챙겼으며, 핑크 톤의 백으로 컬러 포인트를 통일감 있게 연결하여 감도 높은 룩을 제안합니다.',1,'https://closetory-s3.s3.ap-northeast-2.amazonaws.com/images/5f8fa7fd-bdd7-4961-8a79-d6d38175a11b-result.png','2026-02-07 08:34:18'),(101,NULL,'추운 겨울 날씨에도 세련된 도시적인 무드를 유지할 수 있도록, 어두운 톤의 아이템들을 조화롭게 매치하여 미니멀하고 시크한 스타일을 연출했습니다. 보온성이 뛰어난 블랙 롱코트와 깔끔한 실루엣의 블랙 팬츠를 기본으로 하여 무게감 있는 룩을 구성했으며, 네이비 컬러의 상의를 선택해 깊이감 있는 컬러 배색을 완성했습니다. 여기에 블랙 비니와 정갈한 디자인의 백을 더해, 추위 속에서도 세련미와 실용성을 모두 갖춘 완벽한 겨울 코디를 제안합니다.',1,'https://closetory-s3.s3.ap-northeast-2.amazonaws.com/images/c3884c98-35a0-4df1-9b1f-4800b7575770-result.png','2026-02-07 12:27:40'),(102,NULL,'전체적으로 무게감 있는 네이비와 블랙 컬러를 베이스로 활용하여 세련된 겨울 스트릿 감성을 강조했습니다. 데님 팬츠와 스웨트셔츠의 조합으로 편안한 무드를 유지하면서, 자칫 단조로울 수 있는 겨울 스타일링에 선명한 레드 컬러의 모자를 포인트 아이템으로 매치해 경쾌하고 감각적인 에너지를 더했습니다. 여기에 보온성을 갖춘 롱 코트를 레이어드하여 추운 날씨에도 스타일과 실용성을 모두 놓치지 않는 완벽한 윈터 룩을 완성했습니다.',1,'https://closetory-s3.s3.ap-northeast-2.amazonaws.com/images/9ec6a2cf-2051-4f76-b490-b28955c67db1-result.png','2026-02-07 12:42:52'),(103,NULL,NULL,1,'https://closetory-s3.s3.ap-northeast-2.amazonaws.com/images/7de9c5d8-b673-4683-a9da-cfbc6c7d9495-result.png','2026-02-07 12:46:41'),(104,NULL,'캐주얼한 스트릿 감성과 강렬한 레드 컬러 포인트의 조화를 겨울 데일리 룩으로 제안해 드립니다. 딥한 블루 데님과 네이비 컬러의 상의를 매치해 안정감 있는 베이스를 만들고, 보온성이 뛰어난 블랙 코트로 겨울철 실용성을 높였습니다. 특히 레드 컬러의 모자를 포인트 아이템으로 활용하여 특유의 경쾌하고 힙한 무드를 세련되게 재해석했습니다.',1,'https://closetory-s3.s3.ap-northeast-2.amazonaws.com/images/c1e496f9-bc3b-4241-b313-5818309cb780-result.png','2026-02-07 12:48:21'),(105,NULL,'전체적으로 세련되고 미니멀한 감성을 유지하면서, 추운 겨울 날씨에 최적화된 시크한 룩을 제안합니다. 깔끔한 실루엣의 다크 톤 상의와 블랙 팬츠를 매치하여 도회적인 분위기를 조성하고, 여기에 롱 코트를 더해 보온성과 우아함을 동시에 챙겼습니다. 블랙 비니와 가죽 토트백으로 톤온톤 스타일링의 완성도를 높였으며, 미니멀리즘의 정석을 보여주는 겨울 코디네이션입니다.',1,'https://closetory-s3.s3.ap-northeast-2.amazonaws.com/images/3054669c-7998-4d0d-9eba-82f37eace086-result.png','2026-02-07 12:51:50'),(106,NULL,NULL,1,'https://closetory-s3.s3.ap-northeast-2.amazonaws.com/images/df8d0f36-937f-4246-bd06-b93593176eac-result.png','2026-02-07 12:54:38'),(107,'2026-02-28',NULL,21,'https://closetory-s3.s3.ap-northeast-2.amazonaws.com/images/1f13fa81-7a4c-4702-b325-cabbbfd0a30c-result.png','2026-02-07 13:38:40'),(108,NULL,'전체적으로 어둡고 시크한 모노톤의 무드를 겨울 시즌에 맞춰 재해석했습니다. 깔끔한 실루엣의 블랙 코트와 팬츠를 매치하여 도회적이고 세련된 미니멀리즘 스타일을 강조했으며, 보온성을 위해 블랙 비니를 더해 계절감을 살렸습니다. 자칫 무거워 보일 수 있는 올블랙 톤의 룩에 화이트 스니커즈로 가벼운 포인트를 주어 경쾌하면서도 완성도 높은 윈터 시크 룩을 제안합니다.',1,'https://closetory-s3.s3.ap-northeast-2.amazonaws.com/images/096cdaf9-0b4a-41fd-9480-eaedf11041a4-result.png','2026-02-07 13:55:13'),(109,NULL,'겨울철 도심의 시크한 스트릿 감성을 연출하기 위해 블랙과 네이비 컬러를 베이스로 한 레이어드 스타일을 제안합니다. 편안한 실루엣의 네이비 스웨트셔츠와 블랙 와이드 팬츠를 매치하여 활동성을 확보했으며, 여기에 보온성이 뛰어난 블랙 롱 코트를 더해 세련된 윈터 룩을 완성했습니다. 블랙 비니는 겨울철 보온과 동시에 스트릿한 무드를 한층 살려주며, 깔끔한 스니커즈와 구조적인 토트백으로 전체적인 룩의 균형을 맞추어 스타일리시한 분위기를 자아냅니다.',1,'https://closetory-s3.s3.ap-northeast-2.amazonaws.com/images/80ae201b-91d7-41d3-9cb2-ce2c77129485-result.png','2026-02-07 14:20:01'),(110,NULL,'전체적으로 자유로우면서도 강렬한 색감이 돋보이는 스타일을 추운 겨울 날씨에 맞춰 재해석했습니다. 화사한 핑크 톤의 케이블 니트를 활용해 고유의 색감을 살리면서 보온성을 높였으며, 하의와 아우터는 묵직한 블랙으로 매치하여 안정감 있는 밸런스를 잡았습니다. 여기에 블랙 비니를 더해 힙한 감성을 유지하고, 핑크 컬러의 백으로 포인트를 주어 센스 있는 윈터 스트릿 룩을 완성했습니다.',1,'https://closetory-s3.s3.ap-northeast-2.amazonaws.com/images/be067549-da93-4e72-901b-0f6da0b18ff9-result.png','2026-02-07 14:22:33'),(111,NULL,'도심 속 시크하면서도 편안한 스트릿 감성을 겨울 시즌에 맞춰 재해석해 보았습니다. 보온성을 충분히 챙기면서도 스타일을 놓치지 않도록 블랙 롱코트와 그레이 후디를 레이어드하여 특유의 여유로운 실루엣과 레이어드 무드를 강조했습니다. 하의와 액세서리 역시 블랙 톤으로 통일해 전체적인 컬러 밸런스를 맞추었으며, 활동적인 스니커즈와 비니를 더해 세련되면서도 실용적인 윈터 데일리 룩을 완성했습니다.',1,'https://closetory-s3.s3.ap-northeast-2.amazonaws.com/images/4d5b46fc-ed3f-4b96-93b5-a39592cfb645-result.png','2026-02-07 14:24:23'),(112,NULL,'세련된 도시적 감성을 유지하면서도 겨울의 계절감을 완벽히 반영한 스타일링입니다. 묵직한 블랙 롱 코트와 스트레이트 핏의 팬츠를 매치하여 미니멀한 실루엣을 구현했으며, 자칫 단조로울 수 있는 룩에 비니를 더해 보온성과 트렌디함을 모두 잡았습니다. 전체적으로 차분한 다크 톤으로 통일감을 주어 깔끔하고 고급스러운 윈터 룩을 연출했으며, 심플한 스니커즈와 토트백으로 마무리하여 일상에서도 부담 없이 즐길 수 있는 시크한 무드를 완성했습니다.',1,'https://closetory-s3.s3.ap-northeast-2.amazonaws.com/images/c63d2d1e-3bc2-4bc4-8959-87e3180da181-result.png','2026-02-07 14:26:28'),(115,NULL,NULL,67,'https://closetory-s3.s3.ap-northeast-2.amazonaws.com/images/34eac9ec-64d8-4a81-a239-17dad2eb93b6-result.png','2026-02-07 17:18:38'),(116,NULL,NULL,67,'https://closetory-s3.s3.ap-northeast-2.amazonaws.com/images/8ad3dd0f-8bd9-4f9f-8395-7cda447f3de8-result.png','2026-02-07 17:19:47'),(117,NULL,NULL,67,'https://closetory-s3.s3.ap-northeast-2.amazonaws.com/images/5e4a86a7-d14e-40cf-a33a-e0b069e492c4-result.png','2026-02-07 17:21:53'),(118,NULL,NULL,67,'https://closetory-s3.s3.ap-northeast-2.amazonaws.com/images/575f6f52-3ba1-4a4f-a704-af7042b439aa-result.png','2026-02-07 17:23:31'),(119,NULL,NULL,67,'https://closetory-s3.s3.ap-northeast-2.amazonaws.com/images/af1ebdfd-f4b4-4029-9b08-621bf3f62d9a-result.png','2026-02-07 17:24:42'),(120,NULL,NULL,67,'https://closetory-s3.s3.ap-northeast-2.amazonaws.com/images/911c087a-00d6-4023-b41b-e2a3fb76a3b4-result.png','2026-02-07 17:25:58'),(121,NULL,NULL,67,'https://closetory-s3.s3.ap-northeast-2.amazonaws.com/images/fac0a0ab-f880-4aa4-adae-94b35ff19835-result.png','2026-02-07 17:27:13'),(122,NULL,'도시적인 세련미와 캐주얼한 감성이 조화를 이루는 스타일을 겨울 시즌에 맞춰 재해석해 보았습니다. 깔끔한 블랙 롱코트를 메인으로 선택하여 무게감을 잡고, 하의에는 부드러운 베이지 톤의 슬랙스를 매치해 전체적인 컬러 밸런스를 맞췄습니다. 이너로는 군더더기 없는 블랙 스웨트셔츠를 활용해 미니멀한 무드를 유지했으며, 베이지 머플러를 더해 보온성과 스타일링의 완성도를 높였습니다. 활동성을 고려한 화이트 스니커즈와 가죽 백팩으로 마무리하여 감각적인 윈터 룩을 완성했습니다.',67,'https://closetory-s3.s3.ap-northeast-2.amazonaws.com/images/2da23b78-b1e5-4182-90a7-e7e1c88bd19f-result.png','2026-02-07 17:29:47'),(123,NULL,'추운 겨울철에도 세련된 무드를 유지할 수 있도록 블랙과 베이지의 조화로운 컬러 매칭에 집중한 미니멀 룩을 제안합니다. 보온성이 뛰어난 블랙 숏 패딩 안에 베이지 톤의 하프 집업 니트를 레이어드하여 깔끔하면서도 입체적인 실루엣을 연출했습니다. 하의는 상의와 톤을 맞춘 베이지 슬랙스를 매치해 전체적인 컬러 밸런스를 잡았으며, 같은 톤의 머플러를 더해 계절감을 살렸습니다. 여기에 활동성을 더해줄 블랙 스니커즈와 가죽 소재의 백팩을 조합하여 도심 속 데일리룩으로 완벽한 스타일을 완성했습니다.',67,'https://closetory-s3.s3.ap-northeast-2.amazonaws.com/images/35c0798d-2ba4-42be-9c46-0108a73e96cf-result.png','2026-02-07 17:36:58'),(126,NULL,NULL,1,'https://closetory-s3.s3.ap-northeast-2.amazonaws.com/images/415aa00e-432f-4169-a2dc-2bd6b3e01195-result.png','2026-02-07 18:01:18'),(130,NULL,'부드럽고 밝은 톤의 컬러감을 활용하여 겨울철에도 화사하고 깨끗한 느낌을 주는 \'노멀 코어\' 스타일을 제안합니다. 포근한 베이지 컬러의 하프 집업 니트와 화이트 톤의 숏 패딩을 레이어드하여 보온성을 챙기면서도 세련된 무드를 연출했습니다. 하의는 활동적인 와이드 데님을 선택해 전체적인 실루엣에 여유를 주었고, 스포티한 스니커즈와 가죽 소재의 백팩을 매치해 도시적인 감각을 더했습니다. 마지막으로 차분한 톤의 머플러를 더해 겨울 추위에도 끄떡없는 완성도 높은 데일리 룩을 완성했습니다.',65,'https://closetory-s3.s3.ap-northeast-2.amazonaws.com/images/3bbdefca-cd90-4b72-80e4-b2a9fceea65f-result.png','2026-02-07 21:27:03'),(131,NULL,NULL,70,'https://closetory-s3.s3.ap-northeast-2.amazonaws.com/images/ca51d265-233e-40f4-aae7-48408ada69b5-result.png','2026-02-08 00:23:38'),(132,NULL,NULL,70,'https://closetory-s3.s3.ap-northeast-2.amazonaws.com/images/4fd1cf62-e032-4f43-9e07-676ae94da907-result.png','2026-02-08 00:25:21'),(133,NULL,NULL,70,'https://closetory-s3.s3.ap-northeast-2.amazonaws.com/images/ee000390-716f-401c-a9a3-cea174fdf233-result.png','2026-02-08 00:28:49'),(134,'2026-02-08','전체적으로 깔끔하고 지적인 무드를 유지하면서도, 추운 겨울 날씨에 어울리는 따뜻한 소재의 니트를 활용해 보았습니다. 상의는 세련된 그레이 톤을 선택하여 차분한 분위기를 강조했고, 여기에 데님과 화이트 스니커즈를 매치해 활동적이면서도 정돈된 인상을 줍니다. 격식 있는 자리부터 데일리한 일상까지 겨울철 어디에나 잘 어울리는 세련된 시티룩입니다.',71,'https://closetory-s3.s3.ap-northeast-2.amazonaws.com/images/e067755b-b39f-4107-aba7-6a36cd32a7d1-result.png','2026-02-08 13:39:09'),(136,'2026-02-17',NULL,21,'https://closetory-s3.s3.ap-northeast-2.amazonaws.com/images/52df3e92-72aa-40ed-8de0-a6d68f76e49e-result.png','2026-02-08 14:25:24'),(137,'2026-02-27',NULL,21,'https://closetory-s3.s3.ap-northeast-2.amazonaws.com/images/e2de16ca-1cb3-4a45-83a3-d5940ce5240a-result.png','2026-02-08 14:35:08'),(138,'2026-02-26',NULL,21,'https://closetory-s3.s3.ap-northeast-2.amazonaws.com/images/55a533a8-fb32-4e6c-b80f-35c547ef8dd1-result.png','2026-02-08 14:49:25'),(139,'2026-02-25','전체적으로 부드럽고 차분한 베이지와 네이비 톤을 활용하여 세련되면서도 미니멀한 무드를 연출했습니다. 포근한 하프 집업 니트와 깔끔한 실루엣의 슬랙스를 매치해 지적인 이미지를 강조했으며, 매서운 겨울 추위에도 스타일을 유지할 수 있도록 보온성이 뛰어난 브라운 무스탕을 아우터로 제안해 드립니다. 여기에 깨끗한 화이트 스니커즈를 더해 무거울 수 있는 겨울 코디에 경쾌한 포인트를 주었습니다.',21,'https://closetory-s3.s3.ap-northeast-2.amazonaws.com/images/4fe4a483-1cfa-4dde-9e76-5e172e446300-result.png','2026-02-08 15:23:02'),(140,'2026-02-24','전체적으로 차분한 그레이 톤온톤 매치를 통해 미니멀하면서도 세련된 무드를 연출했습니다. 겨울철 날씨에 맞춰 보온성이 뛰어난 포근한 터틀넥 니트와 와이드한 실루엣의 슬랙스를 조합하여 우아한 분위기를 살렸고, 여기에 캐주얼한 볼캡과 스니커즈를 더해 도심 속 일상에서 즐길 수 있는 감각적인 시티보이 룩을 완성했습니다.',21,'https://closetory-s3.s3.ap-northeast-2.amazonaws.com/images/9adf55ec-c1b3-4c68-852a-e87975cb2ba2-result.png','2026-02-08 15:28:18'),(141,NULL,'전체적으로 화이트와 다크 블루의 배색을 활용하여 깔끔하면서도 세련된 미니멀 캐주얼 룩을 완성했습니다. 포근한 텍스처의 케이블 니트와 생지 느낌의 데님을 조합하여 단정한 무드를 자아냈으며, 겨울의 매서운 추위에도 스타일을 유지할 수 있도록 보온성이 뛰어난 화이트 숏 패딩을 매치했습니다. 여기에 네이비 볼캡과 화이트 스니커즈를 더해 활동성을 높였으며, 겨울철 일상에서 편안하면서도 센스 있게 연출할 수 있는 스타일링입니다.',21,'https://closetory-s3.s3.ap-northeast-2.amazonaws.com/images/1c627c6b-2734-4915-8a3d-e01cedc2c6d2-result.png','2026-02-08 15:33:44'),(142,NULL,'화이트와 다크 네이비의 선명한 대비를 활용해 깨끗하고 세련된 미니멀 캐주얼 분위기를 강조했습니다. 한겨울 추위에도 스타일을 잃지 않도록 입체적인 조직감의 케이블 니트에 보온성이 뛰어난 화이트 푸퍼 패딩을 레이어링하여 전체적으로 밝고 정돈된 무드를 유지했습니다. 여기에 슬림한 실루엣의 데님 팬츠와 군더더기 없는 화이트 스니커즈, 네이비 컬러의 캡 모자를 매치해 활동적이면서도 단정한 겨울 데일리 룩을 완성했습니다.',21,'https://closetory-s3.s3.ap-northeast-2.amazonaws.com/images/eecd1db4-6584-49d9-b21e-304071545e68-result.png','2026-02-08 15:35:15'),(143,NULL,'전체적으로 차분한 그레이 톤온톤 무드를 유지하면서도, 한겨울의 추위에도 끄떡없는 미니멀 룩을 제안해 드립니다. 부드러운 터치감의 터틀넥 니트와 여유로운 실루엣의 와이드 슬랙스를 매치하여 세련되고 도회적인 분위기를 연출했고, 여기에 화이트 패딩 점퍼를 더해 보온성과 밝은 무드를 동시에 잡았습니다. 스포티한 무드의 스니커즈와 볼캡으로 자칫 무거울 수 있는 겨울 코디에 경쾌한 포인트를 주어, 일상 속에서 편안하면서도 감각적인 스타일을 완성했습니다.',21,'https://closetory-s3.s3.ap-northeast-2.amazonaws.com/images/e94a280e-8c78-4ffa-82c7-a7210ec94eba-result.png','2026-02-08 15:37:29'),(144,'2026-02-20','빈티지한 스트릿 감성과 겨울철 보온성을 동시에 고려한 스타일링입니다. 묵직한 브라운 톤의 무스탕 자켓을 메인으로 활용하여 고급스러우면서도 터프한 무드를 연출했으며, 이너로는 레이어드 디테일이 돋보이는 그래픽 티셔츠를 매치해 자유로운 분위기를 더했습니다. 하의는 여유로운 벌룬 핏의 블랙 팬츠를 선택해 트렌디한 실루엣을 완성했고, 클래식한 스니커즈와 네이비 볼캡을 포인트로 더해 전체적인 컬러 밸런스와 스타일의 완성도를 높였습니다.',21,'https://closetory-s3.s3.ap-northeast-2.amazonaws.com/images/8490b42e-4416-4e2a-9c2f-87f93172ac28-result.png','2026-02-08 15:39:22'),(145,NULL,'편안하면서도 깔끔한 데일리 무드를 추운 겨울 날씨에 맞춰 세련되게 재해석해 보았습니다. 차분한 어스 톤의 후드 탑과 슬림한 인디고 데님을 매치하여 특유의 캐주얼한 감성을 유지하되, 보온성이 뛰어난 브라운 컬러의 무스탕 아우터를 더해 계절감과 고급스러움을 동시에 잡았습니다. 여기에 깨끗한 화이트 스니커즈로 룩에 활력을 불어넣고, 포근한 소재의 머플러와 실용적인 백팩을 곁들여 추운 날씨에도 스타일을 놓치지 않는 완벽한 겨울 외출복을 완성했습니다.',21,'https://closetory-s3.s3.ap-northeast-2.amazonaws.com/images/07751709-b327-40ea-8d5b-fd538a574481-result.png','2026-02-08 15:40:53'),(146,NULL,'전체적으로 화사한 아이보리와 베이지 톤을 활용하여 겨울철에도 답답하지 않고 깨끗한 느낌을 주는 미니멀 캐주얼 스타일입니다. 보온성이 뛰어난 화이트 패딩과 하프집업 니트를 매치해 실용성을 챙겼으며, 하의는 딥한 블루 데님을 선택해 상의와 대비되는 깔끔한 실루엣을 강조했습니다. 차분한 그레이 톤의 머플러를 더해 계절감에 맞는 포근함과 스타일리시한 완성도를 높였습니다.',65,'https://closetory-s3.s3.ap-northeast-2.amazonaws.com/images/11135564-5d3c-449d-be9b-b9e5e9c8ccff-result.png','2026-02-08 15:58:09'),(147,NULL,'따뜻하고 부드러운 인상을 주는 베이지와 브라운 톤의 컬러 팔레트를 활용하여 겨울철에 걸맞은 세련된 캐주얼 룩을 구성했습니다. 보온성이 뛰어난 하프 집업 니트와 묵직한 질감의 아우터를 레이어드하여 계절감을 살렸으며, 하의는 딥한 컬러의 와이드 슬랙스를 선택해 단정한 실루엣과 편안함을 모두 챙겼습니다. 깨끗한 화이트 스니커즈로 전체적인 룩에 경쾌한 포인트를 주었고, 부드러운 소재의 머플러를 더해 추운 날씨에도 스타일과 포근함을 동시에 유지할 수 있도록 스타일링했습니다.',65,'https://closetory-s3.s3.ap-northeast-2.amazonaws.com/images/77a4e126-f831-42c4-8b97-7dbc4568a5ce-result.png','2026-02-08 15:59:50'),(148,NULL,'전체적으로 따뜻한 브라운과 베이지 톤을 활용하여 포근하면서도 활동적인 윈터 데일리룩을 연출했습니다. 보온성이 뛰어난 브라운 컬러의 후드티와 스웨이드 소재의 아우터를 매치해 안정감 있는 컬러 밸런스를 잡았으며, 무릎 디테일이 들어간 데님 팬츠로 캐주얼한 스트릿 무드를 더했습니다. 여기에 밝은 베이지 머플러를 레이어링하여 시각적인 따뜻함과 동시에 겨울철 필수적인 보온성을 챙겼고, 군더더기 없는 화이트 스니커즈와 가죽 백팩으로 세련된 캐주얼 스타일을 완성했습니다.',65,'https://closetory-s3.s3.ap-northeast-2.amazonaws.com/images/26eee721-b75a-4631-96fd-234463668a0d-result.png','2026-02-08 16:02:46'),(149,NULL,'부드럽고 차분한 댄디 무드를 유지하면서 겨울의 계절감을 완벽히 살린 스타일링입니다. 보온성이 뛰어난 하프 집업 니트와 세련된 실루엣의 네이비 슬랙스를 매치하여 깔끔한 인상을 강조했습니다. 여기에 한파에도 끄떡없도록 고급스러운 롱 코트와 머플러를 톤온톤으로 레이어드하여 따뜻하면서도 세련된 분위기를 연출했습니다. 전체적으로 단정한 컬러 밸런스를 유지하면서 스니커즈와 백팩으로 마무리해 활동성까지 겸비한 지적인 윈터 데일리룩을 완성했습니다.',65,'https://closetory-s3.s3.ap-northeast-2.amazonaws.com/images/6dd3bdd4-0ce2-45b4-9f9c-45a18f4b4cf6-result.png','2026-02-08 16:04:42'),(150,NULL,NULL,1,'https://closetory-s3.s3.ap-northeast-2.amazonaws.com/images/49db75c7-de6e-4484-abf4-393144d3f78b-result.png','2026-02-08 20:32:02'),(151,NULL,NULL,1,'https://closetory-s3.s3.ap-northeast-2.amazonaws.com/images/dfff270d-1ce3-4eca-ae2b-b84218c45545-result.png','2026-02-08 20:41:46'),(152,'2026-02-09',NULL,1,'https://closetory-s3.s3.ap-northeast-2.amazonaws.com/images/854d0771-6ed4-426f-9b7d-f9955a7c25c8-result.png','2026-02-08 20:51:50');
/*!40000 ALTER TABLE `looks` ENABLE KEYS */;
UNLOCK TABLES;

--
-- Table structure for table `post_item_clothes`
--

DROP TABLE IF EXISTS `post_item_clothes`;
/*!40101 SET @saved_cs_client     = @@character_set_client */;
/*!50503 SET character_set_client = utf8mb4 */;
CREATE TABLE `post_item_clothes` (
  `post_id` int NOT NULL,
  `clothes_id` int NOT NULL,
  PRIMARY KEY (`post_id`,`clothes_id`),
  KEY `IDX_post_item_clothes_clothes` (`clothes_id`),
  CONSTRAINT `FK_post_item_clothes_clothes` FOREIGN KEY (`clothes_id`) REFERENCES `clothes` (`id`) ON DELETE CASCADE,
  CONSTRAINT `FK_post_item_clothes_post` FOREIGN KEY (`post_id`) REFERENCES `posts` (`id`) ON DELETE CASCADE
) ENGINE=InnoDB DEFAULT CHARSET=utf8mb4 COLLATE=utf8mb4_0900_ai_ci;
/*!40101 SET character_set_client = @saved_cs_client */;

--
-- Dumping data for table `post_item_clothes`
--

LOCK TABLES `post_item_clothes` WRITE;
/*!40000 ALTER TABLE `post_item_clothes` DISABLE KEYS */;
INSERT INTO `post_item_clothes` VALUES (35,13),(51,132),(26,179),(32,180),(56,180),(57,180),(33,187),(56,198),(33,200),(57,202),(32,208),(32,214),(56,214),(57,214),(32,229),(33,233),(57,234),(31,250),(29,253),(29,255),(30,256),(30,260),(29,266),(29,268),(29,269),(29,270),(30,270),(31,270),(31,279),(35,290),(35,291),(43,320),(53,320),(43,321),(53,321),(43,322),(53,322),(54,322),(44,323),(46,323),(47,323),(48,323),(51,323),(52,323),(44,324),(48,324),(52,324),(44,325),(48,325),(51,325),(52,325),(46,326),(47,326),(46,327),(47,327),(54,334),(53,336),(54,336),(49,341),(50,341),(54,341),(49,343),(55,344),(55,345);
/*!40000 ALTER TABLE `post_item_clothes` ENABLE KEYS */;
UNLOCK TABLES;

--
-- Table structure for table `posts`
--

DROP TABLE IF EXISTS `posts`;
/*!40101 SET @saved_cs_client     = @@character_set_client */;
/*!50503 SET character_set_client = utf8mb4 */;
CREATE TABLE `posts` (
  `id` int NOT NULL AUTO_INCREMENT,
  `title` varchar(30) NOT NULL,
  `photo_url` varchar(255) NOT NULL,
  `content` text NOT NULL,
  `views` int NOT NULL DEFAULT '0',
  `user_id` int NOT NULL,
  `created_at` datetime NOT NULL,
  `deleted_at` datetime DEFAULT NULL,
  PRIMARY KEY (`id`),
  KEY `IDX_posts_user_id` (`user_id`),
  CONSTRAINT `FK_posts_user` FOREIGN KEY (`user_id`) REFERENCES `users` (`id`)
) ENGINE=InnoDB AUTO_INCREMENT=58 DEFAULT CHARSET=utf8mb4 COLLATE=utf8mb4_0900_ai_ci;
/*!40101 SET character_set_client = @saved_cs_client */;

--
-- Dumping data for table `posts`
--

LOCK TABLES `posts` WRITE;
/*!40000 ALTER TABLE `posts` DISABLE KEYS */;
INSERT INTO `posts` VALUES (1,'미팅 있는 날 자켓룩','https://images.unsplash.com/photo-1588011025378-15f4778d2558?w=900&auto=format&fit=crop&q=60&ixlib=rb-4.1.0&ixid=M3wxMjA3fDB8MHxzZWFyY2h8Mzd8fCVFQyU5RSU5MCVFQyVCQyU5MyUyMCVFQyVCRCU5NCVFQiU5NCU5NHxlbnwwfHwwfHx8Mg%3D%3D','톤 다운 자켓+단정한 셔츠로 신뢰감. 악세는 최소로 정리.',714,45,'2026-02-02 12:03:34',NULL),(2,'올블랙 소재믹스','https://images.unsplash.com/photo-1737020383362-1bff76fde9f6?q=80&w=987&auto=format&fit=crop&ixlib=rb-4.1.0&ixid=M3wxMjA3fDB8MHxwaG90by1wYWdlfHx8fGVufDB8fHx8fA%3D%3D','올블랙은 소재 차이로 살아나요. 니트/코튼/가죽 질감 섞어서 심심함 방지.',438,42,'2026-02-02 08:53:34',NULL),(3,'롱코트+머플러 톤온톤','https://images.unsplash.com/photo-1760551937138-6025e3304e69?q=80&w=987&auto=format&fit=crop&ixlib=rb-4.1.0&ixid=M3wxMjA3fDB8MHxwaG90by1wYWdlfHx8fGVufDB8fHx8fA%3D%3D','겨울엔 톤온톤이 정답. 이너는 얇게, 코트와 머플러로 보온+핏 둘 다!',531,43,'2026-02-01 13:03:34',NULL),(4,'컬러 포인트 하나만','https://images.unsplash.com/photo-1646178955950-6d787530657c?q=80&w=1064&auto=format&fit=crop&ixlib=rb-4.1.0&ixid=M3wxMjA3fDB8MHxwaG90by1wYWdlfHx8fGVufDB8fHx8fA%3D%3D','색을 많이 쓰기보다 포인트 1개만 두면 훨씬 세련돼요.',437,50,'2026-02-01 08:03:34',NULL),(5,'아우터로 코디 끝내기','https://images.unsplash.com/photo-1760551733340-a70825258486?q=80&w=987&auto=format&fit=crop&ixlib=rb-4.1.0&ixid=M3wxMjA3fDB8MHxwaG90by1wYWdlfHx8fGVufDB8fHx8fA%3D%3D','이너는 기본, 아우터로 분위기 결정. 오늘은 짧은 자켓으로 비율 잡았어요.',529,51,'2026-01-31 13:43:34',NULL),(6,'꾸안꾸는 신발이 70%','https://images.unsplash.com/photo-1544037812-7aabb2eb7801?q=80&w=2093&auto=format&fit=crop&ixlib=rb-4.1.0&ixid=M3wxMjA3fDB8MHxwaG90by1wYWdlfHx8fGVufDB8fHx8fA%3D%3D','기본템이면 신발/가방 하나로 분위기가 갈려요. 포인트는 하나만!',354,44,'2026-01-31 10:03:34',NULL),(7,'바지 기장 1cm의 차이','https://images.unsplash.com/photo-1713268527421-44e7ce8b91d4?w=900&auto=format&fit=crop&q=60&ixlib=rb-4.1.0&ixid=M3wxMjA3fDB8MHxzZWFyY2h8MjB8fCVFQiVCMCU5NCVFQyVBNyU4MCUyMCVFQSVCOCVCMCVFQyU5RSVBNXxlbnwwfHwwfHx8Mg%3D%3D','기장 맞추면 다리 라인이 바뀝니다. 수선은 무조건 추천.',266,47,'2026-01-29 11:03:34',NULL),(8,'미니멀 룩의 핵심','https://images.unsplash.com/photo-1759229874914-c1ffdb3ebd0c?q=80&w=1674&auto=format&fit=crop&ixlib=rb-4.1.0&ixid=M3wxMjA3fDB8MHxwaG90by1wYWdlfHx8fGVufDB8fHx8fA%3D%3D','미니멀은 로고보다 실루엣. 주름 적은 소재 + 단정한 라인 추천.',345,49,'2026-01-28 12:58:34',NULL),(9,'주말 산책룩 추천','https://images.unsplash.com/photo-1630911014497-63b41126accb?q=80&w=987&auto=format&fit=crop&ixlib=rb-4.1.0&ixid=M3wxMjA3fDB8MHxwaG90by1wYWdlfHx8fGVufDB8fHx8fA%3D%3D','편한데 대충은 아닌 느낌. 톤은 차분하게, 실루엣은 여유 있게!',150,52,'2026-01-28 07:03:34',NULL),(10,'레이어드 실패 줄이는 법','https://images.unsplash.com/photo-1642229105108-8263fbb298a7?q=80&w=1064&auto=format&fit=crop&ixlib=rb-4.1.0&ixid=M3wxMjA3fDB8MHxwaG90by1wYWdlfHx8fGVufDB8fHx8fA%3D%3D','레이어드는 길이 차이만 지켜도 정리돼요. 이너 짧게, 아우터 길게!',242,46,'2026-01-27 12:03:34',NULL),(11,'신발 톤 맞추는 팁','https://images.unsplash.com/photo-1625178494269-c91109fcc711?q=80&w=1015&auto=format&fit=crop&ixlib=rb-4.1.0&ixid=M3wxMjA3fDB8MHxwaG90by1wYWdlfHx8fGVufDB8fHx8fA%3D%3D','상의/하의가 무난하면 신발 톤을 맞추는 게 가장 쉬운 정리법이에요.',322,48,'2026-01-26 09:03:34',NULL),(12,'데님톤 통일 코디','https://images.unsplash.com/photo-1590805566348-4100a9ddba41?q=80&w=987&auto=format&fit=crop&ixlib=rb-4.1.0&ixid=M3wxMjA3fDB8MHxwaG90by1wYWdlfHx8fGVufDB8fHx8fA%3D%3D','상하의 톤만 맞춰도 데님은 실패 확률이 확 내려가요. 신발은 화이트로 정리!',120,41,'2026-01-25 13:03:34',NULL),(13,'패딩 부해보임 줄이기','https://images.unsplash.com/photo-1629374029669-aab2f060553b?q=80&w=987&auto=format&fit=crop&ixlib=rb-4.1.0&ixid=M3wxMjA3fDB8MHxwaG90by1wYWdlfHx8fGVufDB8fHx8fA%3D%3D','숏패딩은 하의 실루엣이 중요. 슬림한 하의로 밸런스 맞추면 부해보임↓',314,43,'2026-01-22 14:03:34',NULL),(14,'셔츠+슬랙스 출근룩','https://images.unsplash.com/photo-1584864783592-f1d6d4fcd1d0?q=80&w=987&auto=format&fit=crop&ixlib=rb-4.1.0&ixid=M3wxMjA3fDB8MHxwaG90by1wYWdlfHx8fGVufDB8fHx8fA%3D%3D','출근룩은 핏이 전부. 셔츠는 어깨, 슬랙스는 기장, 신발은 과하지 않게.',454,45,'2026-01-22 08:03:34',NULL),(15,'무채색 조합 추천','https://images.unsplash.com/photo-1734203313724-f218673cdca8?q=80&w=987&auto=format&fit=crop&ixlib=rb-4.1.0&ixid=M3wxMjA3fDB8MHxwaG90by1wYWdlfHx8fGVufDB8fHx8fA%3D%3D','블랙/그레이/아이보리 3색만 돌려도 충분히 다양해요.',456,49,'2026-01-21 11:03:34',NULL),(16,'밝은색 어렵지 않게','https://images.unsplash.com/photo-1674823865199-a08583e473c5?q=80&w=1064&auto=format&fit=crop&ixlib=rb-4.1.0&ixid=M3wxMjA3fDB8MHxwaG90by1wYWdlfHx8fGVufDB8fHx8fA%3D%3D','밝은색은 하의로 깔면 부담이 줄어요. 상의는 뉴트럴로!',292,50,'2026-01-20 09:03:34',NULL),(17,'자켓 vs 코트 선택','https://images.unsplash.com/photo-1642174916136-e7d9247ffa1e?q=80&w=987&auto=format&fit=crop&ixlib=rb-4.1.0&ixid=M3wxMjA3fDB8MHxwaG90by1wYWdlfHx8fGVufDB8fHx8fA%3D%3D','바람 강한 날엔 코트, 이동 많은 날엔 자켓. 상황에 따라 골라요.',373,51,'2026-01-19 13:03:34',NULL),(18,'청바지 하나로 2코디','https://images.unsplash.com/photo-1509003124559-eb6678fe452b?q=80&w=1770&auto=format&fit=crop&ixlib=rb-4.1.0&ixid=M3wxMjA3fDB8MHxwaG90by1wYWdlfHx8fGVufDB8fHx8fA%3D%3D','청바지는 상의만 바꿔도 느낌이 확 바뀌어요. 캐주얼/출근 2가지로!',289,41,'2026-01-18 10:03:34',NULL),(19,'상의 핏 잡는 꿀팁','https://images.unsplash.com/photo-1632129460818-7e7fb9603a53?q=80&w=999&auto=format&fit=crop&ixlib=rb-4.1.0&ixid=M3wxMjA3fDB8MHxwaG90by1wYWdlfHx8fGVufDB8fHx8fA%3D%3D','어깨선 맞추면 반은 먹고 들어가요. 너무 오버하면 정리 어려움.',303,47,'2026-01-14 12:03:34',NULL),(20,'레이어드 색조합','https://images.unsplash.com/photo-1766953266126-a786b5854692?q=80&w=1769&auto=format&fit=crop&ixlib=rb-4.1.0&ixid=M3wxMjA3fDB8MHxwaG90by1wYWdlfHx8fGVufDB8fHx8fA%3D%3D','레이어드할 때는 바탕색 2개+포인트 1개가 깔끔해요.',214,46,'2026-01-12 09:03:34',NULL),(21,'신발 관리도 코디','https://images.unsplash.com/photo-1614413328878-a56d9e448f40?q=80&w=1770&auto=format&fit=crop&ixlib=rb-4.1.0&ixid=M3wxMjA3fDB8MHxwaG90by1wYWdlfHx8fGVufDB8fHx8fA%3D%3D','신발이 깨끗하면 같은 옷도 더 깔끔해 보여요. 관리 루틴 공유!',208,48,'2026-01-10 11:03:34',NULL),(22,'가방 하나로 포인트','https://images.unsplash.com/photo-1632282004709-98206cfa8452?q=80&w=987&auto=format&fit=crop&ixlib=rb-4.1.0&ixid=M3wxMjA3fDB8MHxwaG90by1wYWdlfHx8fGVufDB8fHx8fA%3D%3D','옷이 무난하면 가방으로 포인트 주기. 색은 1개만!',294,52,'2026-01-07 13:03:34',NULL),(26,'제목','https://closetory-s3.s3.ap-northeast-2.amazonaws.com/images/a6d6c571-be05-44c2-af05-b8185a088b46-upload_1770272740308.jpg','테스트',13,66,'2026-02-05 15:25:41','2026-02-05 15:26:16'),(27,'옷 잘 입고 싶어요!','https://closetory-s3.s3.ap-northeast-2.amazonaws.com/images/7fe3e938-0c35-4622-b40c-280474aa6a0b-upload_1770307735499.jpg','오늘 처음 이용해봐요!',25,67,'2026-02-06 01:08:55',NULL),(28,'저 못생긴 것 같아요 ㅠㅠ','https://closetory-s3.s3.ap-northeast-2.amazonaws.com/images/40acd01b-3c67-4e38-96bb-418ccecf9c54-upload_1770307904889.jpg','그렇죠??',29,67,'2026-02-06 01:11:45',NULL),(29,'AI 추천룩이에요!','https://closetory-s3.s3.ap-northeast-2.amazonaws.com/images/7ba16725-0576-4407-b2ef-034647d0b339-upload_1770349023460.jpg','ai가 추천해줬어요!',29,67,'2026-02-06 12:37:04',NULL),(30,'패완얼','https://closetory-s3.s3.ap-northeast-2.amazonaws.com/images/5ee3747e-983c-43b9-8587-ad25f0f76c34-upload_1770349150219.jpg','패션앱 필요없다. 얼굴이 중요하다 ㅠ',22,67,'2026-02-06 12:39:11',NULL),(31,'이렇게 입어도...','https://closetory-s3.s3.ap-northeast-2.amazonaws.com/images/fd8ea2a0-4231-463a-b7e8-5facf5ca629b-upload_1770349243391.jpg','말이 안된다',37,67,'2026-02-06 12:40:44',NULL),(32,'제 싸피 출근룩 어때요?','https://closetory-s3.s3.ap-northeast-2.amazonaws.com/images/f53b2dce-226a-4374-aa5e-cb4970d3b24d-upload_1770349580911.jpg','싸피 베스트 멤버의 룩!',108,65,'2026-02-06 12:46:22',NULL),(33,'너너너','https://closetory-s3.s3.ap-northeast-2.amazonaws.com/images/0d579294-c74e-464e-8561-83b91661447b-upload_1770351278272.jpg','어엉엉',40,65,'2026-02-06 13:14:39','2026-02-07 00:54:53'),(34,'7eye','https://closetory-s3.s3.ap-northeast-2.amazonaws.com/images/de15e32b-112b-456a-9e4d-8065313a12a6-upload_1770362540193.jpg','esdd',4,16,'2026-02-06 16:22:21','2026-02-06 16:22:31'),(35,'첸 공항 룩 미쳤다~~~','https://closetory-s3.s3.ap-northeast-2.amazonaws.com/images/fc2c27d7-6a41-4bd6-b4f5-5a55c053f467-upload_1770445391154.jpg','첸 공항 룩 너무 멋져요~',112,1,'2026-02-07 15:23:13',NULL),(36,'프로필 사진에 찍은 룩 어때요?','https://closetory-s3.s3.ap-northeast-2.amazonaws.com/images/c9929cda-ac36-4f6f-aebd-c4803e8d526e-upload_1770448665941.jpg','기분 전환으로 프로필 사진 찍어 봤는데 어떤가요?',7,70,'2026-02-07 16:17:47',NULL),(37,'소개팅 가는데 어때요?','https://closetory-s3.s3.ap-northeast-2.amazonaws.com/images/ac29ed7c-7e00-474e-977d-13480b88a39d-upload_1770448728261.jpg','오늘 소개팅 있어서 좀 꾸며 봤는데 어떤가요?',6,70,'2026-02-07 16:18:49',NULL),(38,'회사에서~','https://closetory-s3.s3.ap-northeast-2.amazonaws.com/images/c8f823c7-e4a2-4858-8856-59a74d9aa549-upload_1770448793253.jpg','점심시간에 잠깐~',4,70,'2026-02-07 16:19:54',NULL),(39,'카페 사장님 존잘!!','https://closetory-s3.s3.ap-northeast-2.amazonaws.com/images/8d217e75-ab28-4977-a839-040c60d2ea91-upload_1770448836245.jpg','카페 분위기도 좋고 카페 사장님 얼굴 보러 가요~',5,70,'2026-02-07 16:20:37',NULL),(40,'오늘 하루 블랙','https://closetory-s3.s3.ap-northeast-2.amazonaws.com/images/4e832182-0078-4334-819d-ac6cf0b0874d-upload_1770448986186.jpg','친구 기다리는데 심심해서 한 장?',11,70,'2026-02-07 16:23:08',NULL),(41,'성공','https://closetory-s3.s3.ap-northeast-2.amazonaws.com/images/c30b5d5e-d890-4c46-bb51-f0aa1a17b81b-upload_1770449156318.jpg','오늘 룩은 수트핏~~',10,70,'2026-02-07 16:25:58',NULL),(42,'마실룩~!!','https://closetory-s3.s3.ap-northeast-2.amazonaws.com/images/88f7bf79-259a-4904-9e60-97de26e24299-upload_1770527854260.jpg','집 앞에 나갈 때 제일 많이 입는 룩이에요!',4,21,'2026-02-08 14:17:35',NULL),(43,'외투가 여기에 어울리나요..??','https://closetory-s3.s3.ap-northeast-2.amazonaws.com/images/9aa9b514-d36f-453b-afaf-85249b40bfb1-upload_1770528502762.jpg','여러분들의 생각은 어때요??',4,21,'2026-02-08 14:28:24',NULL),(44,'출근 룩!!','https://closetory-s3.s3.ap-northeast-2.amazonaws.com/images/343be4e6-3d98-4051-95b6-b2387c22ffb6-upload_1770529383157.jpg','내일 첫 출근인데 이렇게 입으면 어떨까요!!!\n아 물론 모자는 빼구요 ㅎㅎ',4,21,'2026-02-08 14:43:04',NULL),(45,'봄 나들이 룩','https://closetory-s3.s3.ap-northeast-2.amazonaws.com/images/320ddefa-658c-4866-bf7f-21dc554010e3-upload_1770529473606.jpg','벚꽃놀이에 이런 룩 어떤가요? ㅎㅎ',5,21,'2026-02-08 14:44:34',NULL),(46,'나들이 룩!','https://closetory-s3.s3.ap-northeast-2.amazonaws.com/images/fbd58674-89c7-496f-addf-990cfc577bd7-upload_1770529850278.jpg','벚꽃놀이에 어두운 바지는 좀 아닌가요..? ^^;',12,21,'2026-02-08 14:50:51',NULL),(47,'봄에 무스탕','https://closetory-s3.s3.ap-northeast-2.amazonaws.com/images/c7394e79-c2a2-4346-a78a-20a1159345e5-upload_1770531914678.jpg','봄이지만 전 좀 춥네요 ㅠ',7,21,'2026-02-08 15:25:15',NULL),(48,'봄 나들이','https://closetory-s3.s3.ap-northeast-2.amazonaws.com/images/972fec2b-81e8-407d-bb16-ddaf3fb258d1-upload_1770532152381.jpg','wow!!',5,21,'2026-02-08 15:29:14',NULL),(49,'외출~','https://closetory-s3.s3.ap-northeast-2.amazonaws.com/images/e968f5de-6dba-4b53-be9c-aad3c6190832-upload_1770532287751.jpg','oops',6,21,'2026-02-08 15:31:28',NULL),(50,'룩1','https://closetory-s3.s3.ap-northeast-2.amazonaws.com/images/4810b86e-e98a-4ce8-a614-43c8863e7ea8-upload_1770532974945.jpg','룩1',5,21,'2026-02-08 15:42:56',NULL),(51,'룩2','https://closetory-s3.s3.ap-northeast-2.amazonaws.com/images/ab7a6e9d-179e-44bb-929a-fd458ab9408f-upload_1770533017836.jpg','룩2',6,21,'2026-02-08 15:43:38',NULL),(52,'룩3','https://closetory-s3.s3.ap-northeast-2.amazonaws.com/images/1cc9dbb6-0807-4ccb-a38e-b02e4ae34d41-upload_1770533039213.jpg','룩3',10,21,'2026-02-08 15:44:00',NULL),(53,'룩4','https://closetory-s3.s3.ap-northeast-2.amazonaws.com/images/d2e7cd0b-c77e-49ac-a55a-e86f9fc0edeb-upload_1770533089736.jpg','룩4',8,21,'2026-02-08 15:44:50',NULL),(54,'룩5','https://closetory-s3.s3.ap-northeast-2.amazonaws.com/images/77935bbc-a856-4587-909c-80c3b9df90d8-upload_1770533121252.jpg','룩5',15,21,'2026-02-08 15:45:22',NULL),(55,'룩 6','https://closetory-s3.s3.ap-northeast-2.amazonaws.com/images/d8b75d94-2698-4e02-be92-4fc2f933f217-upload_1770533464723.jpg','룩6',54,21,'2026-02-08 15:51:05',NULL),(56,'룩 10','https://closetory-s3.s3.ap-northeast-2.amazonaws.com/images/bea764e9-1f20-4727-960f-ae78e668dd23-upload_1770534366303.jpg','룩 10',13,65,'2026-02-08 16:06:07',NULL),(57,'룩 11','https://closetory-s3.s3.ap-northeast-2.amazonaws.com/images/bef227f5-3d59-4c28-bd22-022d6d99296c-upload_1770534420880.jpg','룩 11',29,65,'2026-02-08 16:07:02',NULL);
/*!40000 ALTER TABLE `posts` ENABLE KEYS */;
UNLOCK TABLES;

--
-- Table structure for table `saves`
--

DROP TABLE IF EXISTS `saves`;
/*!40101 SET @saved_cs_client     = @@character_set_client */;
/*!50503 SET character_set_client = utf8mb4 */;
CREATE TABLE `saves` (
  `clothes_id` int NOT NULL,
  `user_id` int NOT NULL,
  `created_at` datetime NOT NULL,
  PRIMARY KEY (`clothes_id`,`user_id`),
  KEY `IDX_saves_user` (`user_id`),
  CONSTRAINT `FK_saves_clothes` FOREIGN KEY (`clothes_id`) REFERENCES `clothes` (`id`) ON DELETE CASCADE,
  CONSTRAINT `FK_saves_user` FOREIGN KEY (`user_id`) REFERENCES `users` (`id`) ON DELETE CASCADE
) ENGINE=InnoDB DEFAULT CHARSET=utf8mb4 COLLATE=utf8mb4_0900_ai_ci;
/*!40101 SET character_set_client = @saved_cs_client */;

--
-- Dumping data for table `saves`
--

LOCK TABLES `saves` WRITE;
/*!40000 ALTER TABLE `saves` DISABLE KEYS */;
INSERT INTO `saves` VALUES (3,66,'2026-02-05 16:44:20'),(3,68,'2026-02-06 10:55:34'),(13,21,'2026-02-08 15:30:07'),(13,65,'2026-02-08 15:54:45'),(13,70,'2026-02-08 00:28:09'),(14,1,'2026-02-05 13:30:30'),(15,1,'2026-02-05 13:31:46'),(132,65,'2026-02-08 15:55:53'),(180,21,'2026-02-08 15:30:02'),(187,1,'2026-02-06 17:36:49'),(200,1,'2026-02-06 17:36:50'),(208,21,'2026-02-08 15:30:01'),(214,21,'2026-02-08 15:30:02'),(229,21,'2026-02-08 15:30:03'),(233,1,'2026-02-06 17:36:50'),(250,21,'2026-02-08 15:29:58'),(250,65,'2026-02-06 13:16:02'),(253,21,'2026-02-08 15:29:53'),(253,65,'2026-02-06 12:37:29'),(255,21,'2026-02-08 15:29:54'),(255,65,'2026-02-07 22:46:07'),(256,21,'2026-02-08 15:29:49'),(256,65,'2026-02-06 12:40:12'),(260,21,'2026-02-08 15:29:51'),(260,65,'2026-02-08 15:54:59'),(266,21,'2026-02-08 15:29:55'),(266,65,'2026-02-06 12:37:26'),(268,21,'2026-02-08 15:29:55'),(268,65,'2026-02-08 15:55:02'),(270,65,'2026-02-06 13:17:02'),(279,21,'2026-02-08 15:29:59'),(279,65,'2026-02-06 13:17:45'),(290,21,'2026-02-08 15:30:07'),(290,65,'2026-02-08 15:54:46'),(290,70,'2026-02-08 00:28:10'),(291,21,'2026-02-08 15:30:08'),(291,65,'2026-02-08 15:54:46'),(291,70,'2026-02-08 00:28:10'),(320,65,'2026-02-08 15:55:48'),(321,65,'2026-02-08 15:55:49'),(322,65,'2026-02-08 15:55:43'),(323,65,'2026-02-08 15:55:50'),(324,65,'2026-02-08 15:55:51'),(325,65,'2026-02-08 15:55:51'),(326,65,'2026-02-08 15:56:04'),(327,65,'2026-02-08 15:56:02'),(334,65,'2026-02-08 15:55:44'),(336,65,'2026-02-08 15:55:44'),(341,65,'2026-02-08 15:55:45'),(343,65,'2026-02-08 15:55:58'),(344,65,'2026-02-08 15:55:40'),(345,65,'2026-02-08 15:55:40');
/*!40000 ALTER TABLE `saves` ENABLE KEYS */;
UNLOCK TABLES;

--
-- Table structure for table `seasons`
--

DROP TABLE IF EXISTS `seasons`;
/*!40101 SET @saved_cs_client     = @@character_set_client */;
/*!50503 SET character_set_client = utf8mb4 */;
CREATE TABLE `seasons` (
  `id` int NOT NULL AUTO_INCREMENT,
  `season_name` varchar(10) NOT NULL,
  PRIMARY KEY (`id`)
) ENGINE=InnoDB AUTO_INCREMENT=5 DEFAULT CHARSET=utf8mb4 COLLATE=utf8mb4_0900_ai_ci;
/*!40101 SET character_set_client = @saved_cs_client */;

--
-- Dumping data for table `seasons`
--

LOCK TABLES `seasons` WRITE;
/*!40000 ALTER TABLE `seasons` DISABLE KEYS */;
INSERT INTO `seasons` VALUES (1,'봄'),(2,'여름'),(3,'가을'),(4,'겨울');
/*!40000 ALTER TABLE `seasons` ENABLE KEYS */;
UNLOCK TABLES;

--
-- Table structure for table `tags`
--

DROP TABLE IF EXISTS `tags`;
/*!40101 SET @saved_cs_client     = @@character_set_client */;
/*!50503 SET character_set_client = utf8mb4 */;
CREATE TABLE `tags` (
  `id` int NOT NULL AUTO_INCREMENT,
  `tag_name` varchar(50) NOT NULL,
  PRIMARY KEY (`id`),
  UNIQUE KEY `UK_tags_tag_name` (`tag_name`)
) ENGINE=InnoDB AUTO_INCREMENT=17 DEFAULT CHARSET=utf8mb4 COLLATE=utf8mb4_0900_ai_ci;
/*!40101 SET character_set_client = @saved_cs_client */;

--
-- Dumping data for table `tags`
--

LOCK TABLES `tags` WRITE;
/*!40000 ALTER TABLE `tags` DISABLE KEYS */;
INSERT INTO `tags` VALUES (12,'격식있는'),(14,'귀여움'),(6,'남성스러움'),(8,'데이트'),(5,'밝음'),(11,'빈티지'),(10,'시크'),(7,'여성스러움'),(15,'여행'),(9,'운동'),(13,'유니크'),(1,'일상'),(3,'출근'),(2,'캐주얼'),(4,'트렌디'),(16,'화려함');
/*!40000 ALTER TABLE `tags` ENABLE KEYS */;
UNLOCK TABLES;

--
-- Table structure for table `tags_clothes`
--

DROP TABLE IF EXISTS `tags_clothes`;
/*!40101 SET @saved_cs_client     = @@character_set_client */;
/*!50503 SET character_set_client = utf8mb4 */;
CREATE TABLE `tags_clothes` (
  `clothes_id` int NOT NULL,
  `tag_id` int NOT NULL,
  PRIMARY KEY (`clothes_id`,`tag_id`),
  KEY `IDX_tags_clothes_tag` (`tag_id`),
  CONSTRAINT `FK_tags_clothes_clothes` FOREIGN KEY (`clothes_id`) REFERENCES `clothes` (`id`) ON DELETE CASCADE,
  CONSTRAINT `FK_tags_clothes_tag` FOREIGN KEY (`tag_id`) REFERENCES `tags` (`id`) ON DELETE CASCADE
) ENGINE=InnoDB DEFAULT CHARSET=utf8mb4 COLLATE=utf8mb4_0900_ai_ci;
/*!40101 SET character_set_client = @saved_cs_client */;

--
-- Dumping data for table `tags_clothes`
--

LOCK TABLES `tags_clothes` WRITE;
/*!40000 ALTER TABLE `tags_clothes` DISABLE KEYS */;
INSERT INTO `tags_clothes` VALUES (1,1),(2,1),(4,1),(13,1),(109,1),(110,1),(111,1),(112,1),(118,1),(119,1),(122,1),(125,1),(126,1),(128,1),(129,1),(130,1),(132,1),(135,1),(143,1),(144,1),(145,1),(149,1),(150,1),(151,1),(152,1),(154,1),(155,1),(156,1),(157,1),(159,1),(160,1),(161,1),(162,1),(163,1),(164,1),(165,1),(166,1),(168,1),(170,1),(172,1),(179,1),(180,1),(181,1),(182,1),(183,1),(187,1),(188,1),(191,1),(192,1),(193,1),(195,1),(196,1),(198,1),(200,1),(201,1),(202,1),(203,1),(204,1),(205,1),(206,1),(207,1),(208,1),(209,1),(210,1),(211,1),(212,1),(214,1),(215,1),(216,1),(218,1),(220,1),(221,1),(222,1),(223,1),(224,1),(226,1),(227,1),(228,1),(229,1),(230,1),(231,1),(232,1),(233,1),(234,1),(235,1),(236,1),(237,1),(238,1),(239,1),(240,1),(241,1),(242,1),(243,1),(244,1),(245,1),(246,1),(249,1),(250,1),(251,1),(252,1),(253,1),(254,1),(255,1),(256,1),(257,1),(259,1),(260,1),(263,1),(265,1),(266,1),(268,1),(269,1),(270,1),(271,1),(272,1),(273,1),(274,1),(276,1),(278,1),(279,1),(281,1),(282,1),(286,1),(287,1),(288,1),(294,1),(296,1),(297,1),(298,1),(299,1),(301,1),(302,1),(304,1),(308,1),(309,1),(311,1),(313,1),(314,1),(317,1),(318,1),(319,1),(320,1),(321,1),(323,1),(324,1),(326,1),(327,1),(328,1),(329,1),(330,1),(331,1),(332,1),(333,1),(334,1),(335,1),(336,1),(337,1),(338,1),(339,1),(340,1),(341,1),(342,1),(343,1),(345,1),(346,1),(11,2),(13,2),(107,2),(108,2),(109,2),(110,2),(111,2),(117,2),(118,2),(122,2),(125,2),(130,2),(131,2),(136,2),(142,2),(143,2),(144,2),(145,2),(148,2),(149,2),(151,2),(152,2),(153,2),(155,2),(156,2),(157,2),(160,2),(161,2),(162,2),(163,2),(164,2),(165,2),(166,2),(167,2),(168,2),(169,2),(174,2),(175,2),(177,2),(179,2),(180,2),(181,2),(182,2),(183,2),(184,2),(185,2),(186,2),(187,2),(188,2),(189,2),(191,2),(192,2),(193,2),(194,2),(195,2),(197,2),(198,2),(200,2),(202,2),(203,2),(204,2),(205,2),(206,2),(207,2),(208,2),(209,2),(212,2),(213,2),(214,2),(215,2),(216,2),(218,2),(219,2),(221,2),(222,2),(225,2),(226,2),(227,2),(228,2),(229,2),(231,2),(232,2),(233,2),(235,2),(236,2),(239,2),(240,2),(241,2),(242,2),(243,2),(244,2),(245,2),(254,2),(255,2),(258,2),(259,2),(261,2),(262,2),(263,2),(264,2),(266,2),(267,2),(269,2),(270,2),(272,2),(274,2),(276,2),(277,2),(278,2),(279,2),(280,2),(281,2),(282,2),(284,2),(286,2),(287,2),(288,2),(290,2),(291,2),(292,2),(293,2),(298,2),(299,2),(300,2),(301,2),(302,2),(303,2),(304,2),(306,2),(307,2),(309,2),(310,2),(311,2),(312,2),(314,2),(315,2),(317,2),(322,2),(325,2),(328,2),(330,2),(331,2),(333,2),(334,2),(335,2),(336,2),(338,2),(339,2),(340,2),(341,2),(342,2),(343,2),(347,2),(348,2),(349,2),(4,3),(5,3),(8,3),(9,3),(10,3),(12,3),(107,3),(111,3),(118,3),(130,3),(141,3),(144,3),(146,3),(148,3),(149,3),(151,3),(154,3),(158,3),(159,3),(167,3),(170,3),(172,3),(176,3),(180,3),(183,3),(186,3),(189,3),(191,3),(192,3),(193,3),(198,3),(202,3),(207,3),(209,3),(212,3),(214,3),(215,3),(216,3),(222,3),(225,3),(227,3),(229,3),(232,3),(233,3),(234,3),(235,3),(236,3),(240,3),(242,3),(247,3),(252,3),(258,3),(265,3),(266,3),(267,3),(272,3),(273,3),(282,3),(284,3),(286,3),(287,3),(288,3),(289,3),(291,3),(292,3),(296,3),(297,3),(302,3),(304,3),(308,3),(315,3),(317,3),(321,3),(322,3),(323,3),(325,3),(327,3),(329,3),(330,3),(331,3),(332,3),(336,3),(348,3),(118,4),(130,4),(143,4),(144,4),(145,4),(147,4),(149,4),(150,4),(151,4),(156,4),(157,4),(158,4),(167,4),(173,4),(174,4),(175,4),(177,4),(182,4),(187,4),(188,4),(192,4),(193,4),(197,4),(198,4),(200,4),(202,4),(203,4),(204,4),(205,4),(206,4),(207,4),(208,4),(209,4),(212,4),(213,4),(214,4),(217,4),(219,4),(221,4),(222,4),(225,4),(226,4),(227,4),(228,4),(229,4),(232,4),(233,4),(234,4),(235,4),(236,4),(240,4),(241,4),(242,4),(244,4),(245,4),(248,4),(249,4),(250,4),(251,4),(252,4),(253,4),(254,4),(260,4),(262,4),(264,4),(268,4),(269,4),(270,4),(272,4),(286,4),(287,4),(288,4),(289,4),(290,4),(293,4),(295,4),(297,4),(298,4),(299,4),(300,4),(301,4),(302,4),(303,4),(305,4),(306,4),(307,4),(309,4),(310,4),(311,4),(313,4),(315,4),(316,4),(326,4),(327,4),(329,4),(330,4),(333,4),(334,4),(337,4),(339,4),(340,4),(341,4),(342,4),(347,4),(349,4),(1,5),(3,5),(7,5),(11,5),(13,5),(118,5),(130,5),(148,5),(150,5),(151,5),(152,5),(155,5),(168,5),(172,5),(178,5),(180,5),(187,5),(189,5),(192,5),(193,5),(203,5),(213,5),(215,5),(219,5),(221,5),(228,5),(229,5),(234,5),(239,5),(241,5),(242,5),(243,5),(249,5),(250,5),(251,5),(252,5),(253,5),(255,5),(259,5),(260,5),(264,5),(266,5),(268,5),(271,5),(280,5),(283,5),(285,5),(295,5),(303,5),(304,5),(307,5),(308,5),(309,5),(310,5),(311,5),(313,5),(319,5),(322,5),(323,5),(326,5),(329,5),(330,5),(332,5),(333,5),(335,5),(337,5),(339,5),(341,5),(342,5),(343,5),(346,5),(350,5),(7,6),(9,6),(119,6),(128,6),(129,6),(130,6),(131,6),(134,6),(141,6),(143,6),(147,6),(148,6),(149,6),(150,6),(151,6),(154,6),(159,6),(170,6),(171,6),(174,6),(175,6),(176,6),(177,6),(178,6),(179,6),(256,6),(261,6),(265,6),(267,6),(269,6),(271,6),(273,6),(274,6),(275,6),(281,6),(283,6),(290,6),(291,6),(300,6),(302,6),(308,6),(313,6),(316,6),(318,6),(325,6),(346,6),(347,6),(349,6),(350,6),(3,7),(6,7),(112,7),(113,7),(115,7),(116,7),(117,7),(118,7),(119,7),(120,7),(121,7),(122,7),(129,7),(130,7),(131,7),(134,7),(136,7),(141,7),(142,7),(145,7),(146,7),(148,7),(154,7),(159,7),(168,7),(169,7),(170,7),(176,7),(182,7),(184,7),(185,7),(187,7),(189,7),(192,7),(197,7),(206,7),(212,7),(213,7),(217,7),(221,7),(226,7),(228,7),(232,7),(235,7),(241,7),(243,7),(273,7),(275,7),(277,7),(280,7),(285,7),(287,7),(288,7),(289,7),(290,7),(324,7),(347,7),(13,8),(127,8),(130,8),(133,8),(136,8),(144,8),(150,8),(152,8),(153,8),(155,8),(156,8),(157,8),(158,8),(160,8),(161,8),(162,8),(163,8),(164,8),(165,8),(166,8),(168,8),(169,8),(172,8),(174,8),(175,8),(177,8),(182,8),(183,8),(184,8),(185,8),(186,8),(187,8),(188,8),(189,8),(192,8),(197,8),(206,8),(212,8),(217,8),(221,8),(222,8),(226,8),(227,8),(228,8),(232,8),(233,8),(234,8),(235,8),(240,8),(241,8),(242,8),(245,8),(249,8),(250,8),(251,8),(252,8),(253,8),(255,8),(259,8),(260,8),(261,8),(262,8),(263,8),(264,8),(267,8),(268,8),(269,8),(272,8),(277,8),(282,8),(283,8),(288,8),(294,8),(295,8),(297,8),(298,8),(300,8),(301,8),(302,8),(303,8),(305,8),(306,8),(307,8),(308,8),(309,8),(310,8),(311,8),(313,8),(315,8),(318,8),(319,8),(322,8),(323,8),(324,8),(326,8),(327,8),(330,8),(331,8),(333,8),(334,8),(335,8),(336,8),(337,8),(339,8),(344,8),(345,8),(346,8),(4,9),(6,9),(13,9),(113,9),(120,9),(121,9),(130,9),(140,9),(142,9),(145,9),(147,9),(150,9),(152,9),(155,9),(156,9),(157,9),(168,9),(174,9),(175,9),(177,9),(187,9),(203,9),(204,9),(205,9),(215,9),(235,9),(243,9),(246,9),(247,9),(256,9),(283,9),(293,9),(299,9),(312,9),(316,9),(320,9),(321,9),(325,9),(332,9),(334,9),(337,9),(339,9),(340,9),(341,9),(346,9),(9,10),(110,10),(113,10),(116,10),(117,10),(118,10),(119,10),(121,10),(130,10),(131,10),(141,10),(142,10),(150,10),(151,10),(155,10),(158,10),(167,10),(176,10),(179,10),(185,10),(186,10),(188,10),(198,10),(202,10),(204,10),(205,10),(206,10),(207,10),(209,10),(212,10),(216,10),(217,10),(222,10),(225,10),(235,10),(236,10),(240,10),(254,10),(258,10),(260,10),(264,10),(266,10),(274,10),(280,10),(281,10),(283,10),(286,10),(287,10),(290,10),(293,10),(296,10),(300,10),(302,10),(306,10),(313,10),(314,10),(317,10),(319,10),(320,10),(322,10),(328,10),(331,10),(333,10),(338,10),(349,10),(350,10),(5,11),(8,11),(10,11),(112,11),(115,11),(117,11),(130,11),(144,11),(146,11),(154,11),(159,11),(170,11),(171,11),(194,11),(195,11),(200,11),(205,11),(206,11),(208,11),(209,11),(214,11),(216,11),(218,11),(219,11),(231,11),(243,11),(257,11),(263,11),(273,11),(276,11),(277,11),(280,11),(290,11),(298,11),(299,11),(301,11),(311,11),(314,11),(316,11),(326,11),(333,11),(338,11),(344,11),(347,11),(350,11),(3,12),(6,12),(11,12),(130,12),(141,12),(142,12),(143,12),(145,12),(146,12),(149,12),(151,12),(158,12),(176,12),(178,12),(183,12),(186,12),(187,12),(188,12),(189,12),(192,12),(193,12),(198,12),(207,12),(212,12),(217,12),(222,12),(232,12),(233,12),(234,12),(235,12),(236,12),(240,12),(258,12),(261,12),(262,12),(265,12),(266,12),(269,12),(272,12),(274,12),(275,12),(281,12),(284,12),(285,12),(286,12),(287,12),(288,12),(289,12),(291,12),(292,12),(293,12),(297,12),(300,12),(302,12),(306,12),(307,12),(308,12),(309,12),(310,12),(313,12),(315,12),(325,12),(327,12),(338,12),(340,12),(341,12),(342,12),(344,12),(345,12),(348,12),(349,12),(350,12),(5,13),(8,13),(10,13),(114,13),(115,13),(116,13),(117,13),(130,13),(137,13),(142,13),(149,13),(150,13),(151,13),(154,13),(158,13),(159,13),(160,13),(161,13),(162,13),(163,13),(164,13),(165,13),(166,13),(169,13),(170,13),(171,13),(173,13),(178,13),(185,13),(197,13),(213,13),(218,13),(222,13),(225,13),(226,13),(242,13),(248,13),(260,13),(261,13),(262,13),(264,13),(267,13),(273,13),(277,13),(284,13),(291,13),(292,13),(293,13),(295,13),(300,13),(301,13),(302,13),(306,13),(310,13),(313,13),(317,13),(320,13),(322,13),(324,13),(328,13),(329,13),(334,13),(337,13),(340,13),(343,13),(346,13),(348,13),(2,14),(3,14),(114,14),(116,14),(120,14),(130,14),(146,14),(147,14),(152,14),(156,14),(157,14),(168,14),(169,14),(173,14),(178,14),(182,14),(184,14),(187,14),(189,14),(192,14),(194,14),(195,14),(203,14),(204,14),(213,14),(215,14),(221,14),(222,14),(226,14),(227,14),(228,14),(231,14),(232,14),(239,14),(246,14),(247,14),(248,14),(250,14),(251,14),(252,14),(253,14),(255,14),(257,14),(259,14),(279,14),(285,14),(288,14),(294,14),(295,14),(297,14),(301,14),(303,14),(304,14),(305,14),(307,14),(309,14),(310,14),(312,14),(314,14),(318,14),(321,14),(323,14),(324,14),(330,14),(334,14),(335,14),(337,14),(339,14),(340,14),(341,14),(342,14),(344,14),(345,14),(7,15),(114,15),(118,15),(130,15),(153,15),(157,15),(160,15),(161,15),(162,15),(163,15),(164,15),(165,15),(166,15),(168,15),(171,15),(173,15),(178,15),(187,15),(244,15),(250,15),(251,15),(252,15),(253,15),(257,15),(269,15),(271,15),(278,15),(280,15),(283,15),(284,15),(285,15),(288,15),(291,15),(292,15),(297,15),(316,15),(318,15),(319,15),(323,15),(325,15),(326,15),(328,15),(329,15),(330,15),(331,15),(332,15),(336,15),(337,15),(339,15),(342,15),(343,15),(348,15),(2,16),(114,16),(130,16),(137,16),(141,16),(146,16),(147,16),(168,16),(169,16),(174,16),(175,16),(176,16),(177,16),(184,16),(185,16),(197,16),(213,16),(217,16),(222,16),(248,16),(250,16),(251,16),(259,16),(260,16),(264,16),(268,16),(270,16),(274,16),(275,16),(281,16),(285,16),(294,16),(295,16),(306,16),(307,16),(308,16),(310,16),(311,16),(322,16),(325,16),(329,16),(331,16),(333,16),(335,16),(340,16),(349,16),(350,16);
/*!40000 ALTER TABLE `tags_clothes` ENABLE KEYS */;
UNLOCK TABLES;

--
-- Table structure for table `user_favorite_tags`
--

DROP TABLE IF EXISTS `user_favorite_tags`;
/*!40101 SET @saved_cs_client     = @@character_set_client */;
/*!50503 SET character_set_client = utf8mb4 */;
CREATE TABLE `user_favorite_tags` (
  `user_id` int NOT NULL,
  `tag_id` int NOT NULL,
  `created_at` datetime NOT NULL,
  PRIMARY KEY (`user_id`,`tag_id`),
  KEY `IDX_user_favorite_tags_tag` (`tag_id`),
  CONSTRAINT `FK_user_favorite_tags_tag` FOREIGN KEY (`tag_id`) REFERENCES `tags` (`id`) ON DELETE CASCADE,
  CONSTRAINT `FK_user_favorite_tags_user` FOREIGN KEY (`user_id`) REFERENCES `users` (`id`) ON DELETE CASCADE
) ENGINE=InnoDB DEFAULT CHARSET=utf8mb4 COLLATE=utf8mb4_0900_ai_ci;
/*!40101 SET character_set_client = @saved_cs_client */;

--
-- Dumping data for table `user_favorite_tags`
--

LOCK TABLES `user_favorite_tags` WRITE;
/*!40000 ALTER TABLE `user_favorite_tags` DISABLE KEYS */;
INSERT INTO `user_favorite_tags` VALUES (1,1,'2026-02-07 18:50:21'),(1,4,'2026-02-07 18:50:21'),(1,6,'2026-02-07 18:50:21'),(1,10,'2026-02-07 18:50:21'),(1,12,'2026-02-07 18:50:21'),(15,1,'2026-02-08 17:01:07'),(15,5,'2026-02-08 17:01:07'),(15,7,'2026-02-08 17:01:07'),(15,10,'2026-02-08 17:01:07'),(16,7,'2026-02-06 12:06:41'),(16,8,'2026-02-06 12:06:41'),(16,11,'2026-02-06 12:06:41'),(16,14,'2026-02-06 12:06:41'),(17,7,'2026-02-05 17:12:10'),(17,8,'2026-02-05 17:12:10'),(17,10,'2026-02-05 17:12:10'),(17,14,'2026-02-05 17:12:10'),(21,1,'2026-02-07 22:45:59'),(21,2,'2026-02-07 22:45:59'),(21,10,'2026-02-07 22:45:59'),(33,8,'2026-02-02 15:22:01'),(33,9,'2026-02-02 15:22:01'),(33,11,'2026-02-02 15:22:01'),(38,12,'2026-02-06 17:47:28'),(38,14,'2026-02-06 17:47:28'),(38,16,'2026-02-06 17:47:28'),(39,7,'2026-02-03 13:14:16'),(39,11,'2026-02-03 13:14:16'),(39,12,'2026-02-03 13:14:16'),(40,10,'2026-02-03 14:00:01'),(40,11,'2026-02-03 14:00:01'),(40,12,'2026-02-03 14:00:01'),(65,1,'2026-02-07 22:44:39'),(65,2,'2026-02-07 22:44:39'),(65,3,'2026-02-07 22:44:39'),(66,7,'2026-02-05 14:58:43'),(66,8,'2026-02-05 14:58:43'),(66,11,'2026-02-05 14:58:43'),(67,1,'2026-02-08 13:28:46'),(67,2,'2026-02-08 13:28:46'),(67,6,'2026-02-08 13:28:46'),(68,4,'2026-02-06 10:55:18'),(68,8,'2026-02-06 10:55:18'),(68,10,'2026-02-06 10:55:18'),(69,10,'2026-02-06 16:24:01'),(69,11,'2026-02-06 16:24:01'),(69,14,'2026-02-06 16:24:01'),(70,1,'2026-02-08 00:07:13'),(70,4,'2026-02-08 00:07:13'),(70,6,'2026-02-08 00:07:13'),(70,10,'2026-02-08 00:07:13'),(70,12,'2026-02-08 00:07:13'),(70,13,'2026-02-08 00:07:13'),(71,13,'2026-02-08 13:13:00'),(71,14,'2026-02-08 13:13:00'),(71,16,'2026-02-08 13:13:00'),(72,1,'2026-02-07 20:19:15'),(72,2,'2026-02-07 20:19:15'),(72,3,'2026-02-07 20:19:15');
/*!40000 ALTER TABLE `user_favorite_tags` ENABLE KEYS */;
UNLOCK TABLES;

--
-- Table structure for table `users`
--

DROP TABLE IF EXISTS `users`;
/*!40101 SET @saved_cs_client     = @@character_set_client */;
/*!50503 SET character_set_client = utf8mb4 */;
CREATE TABLE `users` (
  `id` int NOT NULL AUTO_INCREMENT,
  `password` varchar(255) DEFAULT NULL,
  `nickname` varchar(30) DEFAULT NULL,
  `gender` enum('FEMALE','MALE') DEFAULT NULL,
  `height` smallint DEFAULT NULL,
  `weight` smallint DEFAULT NULL,
  `provider` enum('LOCAL','GOOGLE') NOT NULL,
  `provider_id` varchar(128) DEFAULT NULL,
  `profile_photo_url` varchar(255) DEFAULT NULL,
  `body_photo_url` varchar(255) DEFAULT NULL,
  `username` varchar(30) DEFAULT NULL,
  `alarm_enabled` tinyint(1) NOT NULL,
  `created_at` datetime NOT NULL,
  `deleted_at` datetime DEFAULT NULL,
  PRIMARY KEY (`id`),
  UNIQUE KEY `UK_users_nickname` (`nickname`),
  UNIQUE KEY `UK_users_username` (`username`)
) ENGINE=InnoDB AUTO_INCREMENT=73 DEFAULT CHARSET=utf8mb4 COLLATE=utf8mb4_0900_ai_ci;
/*!40101 SET character_set_client = @saved_cs_client */;

--
-- Dumping data for table `users`
--

LOCK TABLES `users` WRITE;
/*!40000 ALTER TABLE `users` DISABLE KEYS */;
INSERT INTO `users` VALUES (1,'$2a$10$ZDuKdFAcmZHiP1xGWs/vD.0/dYw6rEZHB2fPRvwFimrhzxecA5SBS','효주','FEMALE',176,70,'LOCAL',NULL,'https://closetory-s3.s3.ap-northeast-2.amazonaws.com/images/541d41df-28e8-4858-890b-0d07a604e4d0-upload_1770251559304.jpg','https://closetory-s3.s3.ap-northeast-2.amazonaws.com/images/97735cbe-0ff3-4115-b65f-5f06c196129c-upload_1770270561882.jpg','hyoju',0,'2026-01-21 11:32:51',NULL),(2,'$2a$10$ZDuKdFAcmZHiP1xGWs/vD.0/dYw6rEZHB2fPRvwFimrhzxecA5SBS','user2','MALE',178,70,'LOCAL',NULL,NULL,NULL,'user2',1,'2026-01-21 11:32:51',NULL),(3,'$2a$10$BqjjczxpCncSdsPHMUu6Q.zsBCvIyd/X8m3CApzD.4RSYXF8ny0FK','asd','FEMALE',250,200,'LOCAL',NULL,'https://closetory-s3.s3.ap-northeast-2.amazonaws.com/images/a2ca519d-4068-4f3d-83a9-0655e37a176f-스크린샷 2026-01-12 101354.png','https://closetory-s3.s3.ap-northeast-2.amazonaws.com/images/2963c094-d73f-4812-a6d3-3b7011c30340-스크린샷 2026-01-12 101354.png','string',0,'2026-01-22 09:32:27','2026-01-30 16:38:52'),(4,'$2a$10$PxuQXLDTNGuYWMN8QVk1iuqe68DRzeRJM8OzblDVjsHCFYCGRTig6','경민','FEMALE',0,0,'LOCAL',NULL,NULL,NULL,'경민',0,'2026-01-22 09:32:39',NULL),(5,'$2a$10$ZDuKdFAcmZHiP1xGWs/vD.0/dYw6rEZHB2fPRvwFimrhzxecA5SBS','gywn','FEMALE',250,200,'LOCAL',NULL,NULL,NULL,'hjoo830',0,'2026-01-22 10:21:03',NULL),(6,'$2a$10$qpNPz5pELfwBMMMjeJ7.IeHp4H46BKfm9wyiSNeAht/zx/YhYs8SS','경민22','FEMALE',250,200,'LOCAL',NULL,NULL,NULL,'경민22',0,'2026-01-22 11:00:08',NULL),(7,'$2a$10$sqY93Gx6LrftbMrXRBWCSeQG1WfKzaFQdfCNFy4/UE/tUB5pk1Mu2','재민','FEMALE',250,200,'LOCAL',NULL,NULL,NULL,'재민',0,'2026-01-22 14:16:01',NULL),(8,'$2a$10$i1F4EC/XQEJyhyqc0AM9IOklsbE.9YUJcGSyK3prGdHT42AC3EmnG','nick','MALE',190,90,'LOCAL',NULL,NULL,NULL,'user0q',0,'2026-01-22 15:25:55',NULL),(9,'$2a$10$sdcO7fkOWIL4/qZYLR80Puk.lHj70hwY7gPC8F7dKx2mXSJmBMlsy','ssafy01','MALE',190,85,'LOCAL',NULL,NULL,NULL,'user01',0,'2026-01-22 15:27:14',NULL),(10,'$2a$10$N8MU3epjvOI2W/naN/VWb.874AbS.wvabS0JB/F7d9RbnR6M96oQS','ssafy02','MALE',190,150,'LOCAL',NULL,NULL,NULL,'user02',1,'2026-01-22 15:55:12','2026-02-01 13:12:03'),(11,'$2a$10$jrYxd34VEP3w7PstTORree/kXnoq7qE3E84GE4vLva2AOP82eD3sq','ssafy03','FEMALE',190,190,'LOCAL',NULL,'https://closetory-s3.s3.ap-northeast-2.amazonaws.com/images/d955b41a-be9e-43c4-a4d5-92acaeb6deb0-upload_1769670644799.jpg','https://closetory-s3.s3.ap-northeast-2.amazonaws.com/images/2df055d4-dc55-4a6f-8c0c-3f3725f29db0-upload_1769670644974.jpg','user03',0,'2026-01-22 16:08:13','2026-02-01 13:43:33'),(12,'$2a$10$p9593NmdKXtm69iaqXk5fOLS7fgKSaubHhwjUk.RxLXruqeYbxv.a','1','MALE',100,100,'LOCAL',NULL,NULL,NULL,'1',0,'2026-01-22 17:50:54',NULL),(13,'$2a$10$PV9moOBPG6UzZtzNYSDc.eYEWXdQV/uuSvlGDxfshYNUrvo6iILPO','ssafy','FEMALE',100,100,'LOCAL',NULL,NULL,NULL,'102',0,'2026-01-22 17:52:40',NULL),(14,'$2a$10$q8Mco5HixUQwDIiSSBZVk.aW.e9qAa6Cvp08NbQR2LAzWPtBbnu3W','dddd','FEMALE',100,100,'LOCAL',NULL,NULL,NULL,'d102',0,'2026-01-22 17:57:09',NULL),(15,'$2a$10$7pkVu.TgqVtL8FOU8n2u9e0OHxjYSmd6QbWTAsIHYWmLvF4U0mfbi','testpassword','MALE',100,100,'LOCAL',NULL,NULL,NULL,'test',0,'2026-01-22 18:58:27',NULL),(16,'$2a$10$ZOp8SuwF7k3WtRMahYHBaOysAUKIWkpvcI1/1SGqD4LOCbmHXwA8a','testnickna','MALE',100,100,'LOCAL',NULL,NULL,'https://closetory-s3.s3.ap-northeast-2.amazonaws.com/images/edefe863-2af6-4b75-93f1-93344631bc6f-upload_1770350202576.jpg','testname',0,'2026-01-22 20:52:37',NULL),(17,'$2a$10$M7erRdnL8xDWXnGj.f52cOjuNURlo7ODoU4Mftf74Av3Yuw2L2CRq','싸피00000004','MALE',111,140,'LOCAL',NULL,'https://closetory-s3.s3.ap-northeast-2.amazonaws.com/images/54ec4d52-81bd-438b-869e-e14d136d6842-upload_1769675943370.jpg','https://closetory-s3.s3.ap-northeast-2.amazonaws.com/images/43102112-6c5c-4fc5-beb2-6244ae922fdc-upload_1770276561470.jpg','user04',1,'2026-01-22 23:03:57',NULL),(18,'$2a$10$Z.v2Jvru36IWStEv0iJpTuCs3sDQDQPJ/yyXWUH75H99ifT5VrKVO','testtest','MALE',100,100,'LOCAL',NULL,NULL,NULL,'testtest',0,'2026-01-22 23:58:01',NULL),(19,'$2a$10$xO/3di3tbIyibdsdu1B7b.lPLkoNGTX2251j2UZr3rIJ9dUU3BBte','usertest01','FEMALE',150,150,'LOCAL',NULL,NULL,NULL,'usertest01',0,'2026-01-23 09:58:33',NULL),(20,'$2a$10$l/LENd.tEZ5JmZO1L1.e5.1U0ywsEuKc/z9jaLx5fZryLAeTjtN4O','string1','FEMALE',250,200,'LOCAL',NULL,NULL,NULL,'string1',0,'2026-01-24 20:46:35',NULL),(21,'$2a$10$XSO3aQU7RRXLj51TOPzhwOmvRNQazolTiNuNN.ZNYBtoO4TFSCkJK','zero','MALE',180,75,'LOCAL',NULL,'https://closetory-s3.s3.ap-northeast-2.amazonaws.com/images/7e6c0c45-0c6d-4253-8eb0-503cc892ba6f-model.png','https://closetory-s3.s3.ap-northeast-2.amazonaws.com/images/064d43a0-f60b-4017-ab23-dcf4ebfcfb16-upload_1770532244511.jpg','zero',0,'2026-01-26 16:46:57',NULL),(22,'$2a$10$VfdGqKId5inm2j3xZnY6/OXnk0NZSrACxJjTPYGPGK6ZBtmBGcu.S','jjjasd','FEMALE',110,111,'LOCAL',NULL,'https://closetory-s3.s3.ap-northeast-2.amazonaws.com/images/48c9477e-e458-4c43-9de4-0d21fe5a903a-스크린샷 2026-01-08 162515.png',NULL,'asd',0,'2026-01-29 16:16:03',NULL),(23,'$2a$10$jLn3dylJTD1HLGO8tUM3OeU8pdVv0W76QKK1YNXU19q/T8y1gGNNi','string','FEMALE',250,200,'LOCAL',NULL,NULL,NULL,'string22',0,'2026-01-30 14:51:19','2026-01-30 16:23:49'),(24,'$2a$10$qDHshEo9Mc6EqL5ylv1UweES6rolgO9Rz61jAR8v/w5Y7egCIwpvy','string1111','FEMALE',250,200,'LOCAL',NULL,NULL,NULL,'string1111',0,'2026-01-30 17:02:37',NULL),(25,'$2a$10$gyUiH0vHrXHlEI9wtPTYg.cyEoxgl8ZGiRw2Wv3Vz3tJHynviEGwW','string12','FEMALE',250,200,'LOCAL',NULL,NULL,NULL,'string12',0,'2026-01-30 17:10:39',NULL),(26,'$2a$10$sgoEHYQGMowysmovJn3w8.K6FyXGQIurr1UX5oooOfvYOO/J.gb1e','string1312','FEMALE',250,200,'LOCAL',NULL,NULL,NULL,'123',0,'2026-02-01 14:02:22',NULL),(27,'$2a$10$cpvx4.HsxmKbd6eLyslIVuC.eIFc5tXATzGf7Qp1JQE/2zNyD1Uz2','싸피0005','MALE',180,200,'LOCAL',NULL,NULL,NULL,'user06',1,'2026-02-01 14:41:47','2026-02-01 15:53:41'),(28,'$2a$10$L35onhOIW4EJFYvAEfILGeOizMqdgBkr.LayY5Z/ggx7QDTJjNNDa','ssafy00007','MALE',100,200,'LOCAL',NULL,NULL,NULL,'user07',0,'2026-02-01 14:56:35',NULL),(29,'$2a$10$4yd589/yMFeWbY9kS4GZOuCspSUyIQaLzsYf7NWMcNLvA1m2AcnVi','ssafy08','FEMALE',180,180,'LOCAL',NULL,NULL,NULL,'user08',0,'2026-02-01 18:13:30',NULL),(30,'$2a$10$jn9dd0YQeN5PxVZFOVMK5Oie8lDcqmFF1iGYifyDV.26L1S2uRmVq','ssafy09','FEMALE',190,190,'LOCAL',NULL,NULL,NULL,'user09',0,'2026-02-01 18:55:32',NULL),(31,'$2a$10$Q7UygQ5Yeg/MlEj8yWHBJOTIp/MhCwK8lgrakRVMBvpjb6zyfVGzC','ssafy10','FEMALE',130,130,'LOCAL',NULL,NULL,NULL,'user10',0,'2026-02-01 19:08:41',NULL),(32,'$2a$10$y30VYzrk2GwOdfjiUAortOhN5.1lNnGOZEycxWIKnHWmBxP7PNX6S','ssafy11','FEMALE',147,178,'LOCAL',NULL,'https://closetory-s3.s3.ap-northeast-2.amazonaws.com/images/048e556b-998e-41ec-b8d1-def4c837dd78-upload_1769941297101.jpg','https://closetory-s3.s3.ap-northeast-2.amazonaws.com/images/b2402081-5d9e-466e-812e-ed7e62251646-upload_1769941297259.jpg','user011',0,'2026-02-01 19:14:11',NULL),(33,'$2a$10$sS9MlH91OyoLx991GcOzWeZHS7BhkAAju1omMk45fXrey8PgxkPwi','ssafy12','FEMALE',180,100,'LOCAL',NULL,NULL,NULL,'user12',0,'2026-02-02 01:31:45',NULL),(34,'$2a$10$uLKPcbhr254RLONM8dbKuuUDqrJrj0uCQsHv2yg5asBfAiV5LkbIS','stringqq','FEMALE',250,200,'LOCAL',NULL,NULL,NULL,'q',0,'2026-02-02 15:24:55',NULL),(35,'$2a$10$c3AzmwzUnWzhJMilz4LaC.9ZdU961OFVGP3UPeGvd3ePLRYYOm.uK','qq','FEMALE',250,200,'LOCAL',NULL,NULL,NULL,'qq',0,'2026-02-02 16:27:26',NULL),(36,'$2a$10$86/CiEtqbOqdXZVSt06m6.6F9hkzp6L78zqA7BcqVnw3TBgELZSIq','string321','FEMALE',250,200,'LOCAL',NULL,NULL,NULL,'string321',0,'2026-02-03 09:46:02',NULL),(37,'$2a$10$N2qqjwvJWqmcTtsmWkTdsOiPDnE4zH/Q0XBFgp/vqNn1F9PAc0FDG','string3211','FEMALE',250,200,'LOCAL',NULL,NULL,NULL,'string3211',0,'2026-02-03 10:26:03',NULL),(38,'$2a$10$y5Ph6pF933oKJ6zRzoAJW.sGfRJXf1LqzMax7VWTk1VUDN9m.mumm','ssafy13','FEMALE',250,140,'LOCAL',NULL,NULL,NULL,'user13',0,'2026-02-03 10:40:04','2026-02-06 17:52:26'),(39,'$2a$10$BZW1nkTYR4fZMFh773Oubep2dMJBA/4IYW2Wd6gs5OhulSj.jfQta','ssafy14','MALE',123,123,'LOCAL',NULL,NULL,NULL,'user14',0,'2026-02-03 13:04:09',NULL),(40,'$2a$10$8oGchzl5b9XqbX6uxkTHkeVBS9pya6z.2LlZAkhxcMHwWyX8ItWCm','ssafy15','FEMALE',120,120,'LOCAL',NULL,NULL,NULL,'user15',0,'2026-02-03 13:20:06',NULL),(41,'$2a$10$ZDuKdFAcmZHiP1xGWs/vD.0/dYw6rEZHB2fPRvwFimrhzxecA5SBS','데님러버','FEMALE',165,52,'LOCAL',NULL,'https://picsum.photos/seed/u01/200','https://picsum.photos/seed/u01b/200','seed_u01',1,'2026-02-04 13:25:46',NULL),(42,'$2a$10$ZDuKdFAcmZHiP1xGWs/vD.0/dYw6rEZHB2fPRvwFimrhzxecA5SBS','무채색러','MALE',178,72,'LOCAL',NULL,'https://picsum.photos/seed/u02/200','https://picsum.photos/seed/u02b/200','seed_u02',1,'2026-02-04 13:25:46',NULL),(43,'$2a$10$ZDuKdFAcmZHiP1xGWs/vD.0/dYw6rEZHB2fPRvwFimrhzxecA5SBS','겨울코디장인','FEMALE',162,50,'LOCAL',NULL,'https://picsum.photos/seed/u03/200','https://picsum.photos/seed/u03b/200','seed_u03',1,'2026-02-04 13:25:46',NULL),(44,'$2a$10$ZDuKdFAcmZHiP1xGWs/vD.0/dYw6rEZHB2fPRvwFimrhzxecA5SBS','꾸안꾸러','FEMALE',168,54,'LOCAL',NULL,'https://picsum.photos/seed/u04/200','https://picsum.photos/seed/u04b/200','seed_u04',1,'2026-02-04 13:25:46',NULL),(45,'$2a$10$ZDuKdFAcmZHiP1xGWs/vD.0/dYw6rEZHB2fPRvwFimrhzxecA5SBS','출근룩마스터','MALE',176,70,'LOCAL',NULL,'https://picsum.photos/seed/u05/200','https://picsum.photos/seed/u05b/200','seed_u05',1,'2026-02-04 13:25:46',NULL),(46,'$2a$10$ZDuKdFAcmZHiP1xGWs/vD.0/dYw6rEZHB2fPRvwFimrhzxecA5SBS','레이어드덕후','FEMALE',164,51,'LOCAL',NULL,'https://picsum.photos/seed/u06/200','https://picsum.photos/seed/u06b/200','seed_u06',1,'2026-02-04 13:25:46',NULL),(47,'$2a$10$ZDuKdFAcmZHiP1xGWs/vD.0/dYw6rEZHB2fPRvwFimrhzxecA5SBS','핏집착러','MALE',180,76,'LOCAL',NULL,'https://picsum.photos/seed/u07/200','https://picsum.photos/seed/u07b/200','seed_u07',1,'2026-02-04 13:25:46',NULL),(48,'$2a$10$ZDuKdFAcmZHiP1xGWs/vD.0/dYw6rEZHB2fPRvwFimrhzxecA5SBS','신발중요파','FEMALE',160,49,'LOCAL',NULL,'https://picsum.photos/seed/u08/200','https://picsum.photos/seed/u08b/200','seed_u08',1,'2026-02-04 13:25:46',NULL),(49,'$2a$10$ZDuKdFAcmZHiP1xGWs/vD.0/dYw6rEZHB2fPRvwFimrhzxecA5SBS','미니멀주의','MALE',175,68,'LOCAL',NULL,'https://picsum.photos/seed/u09/200','https://picsum.photos/seed/u09b/200','seed_u09',1,'2026-02-04 13:25:46',NULL),(50,'$2a$10$ZDuKdFAcmZHiP1xGWs/vD.0/dYw6rEZHB2fPRvwFimrhzxecA5SBS','컬러포인트러','FEMALE',166,53,'LOCAL',NULL,'https://picsum.photos/seed/u10/200','https://picsum.photos/seed/u10b/200','seed_u10',1,'2026-02-04 13:25:46',NULL),(51,'$2a$10$ZDuKdFAcmZHiP1xGWs/vD.0/dYw6rEZHB2fPRvwFimrhzxecA5SBS','아우터수집가','MALE',177,71,'LOCAL',NULL,'https://picsum.photos/seed/u11/200','https://picsum.photos/seed/u11b/200','seed_u11',1,'2026-02-04 13:25:46',NULL),(52,'$2a$10$ZDuKdFAcmZHiP1xGWs/vD.0/dYw6rEZHB2fPRvwFimrhzxecA5SBS','주말산책룩','FEMALE',163,50,'LOCAL',NULL,'https://picsum.photos/seed/u12/200','https://picsum.photos/seed/u12b/200','seed_u12',1,'2026-02-04 13:25:46',NULL),(53,'$2a$10$ZDuKdFAcmZHiP1xGWs/vD.0/dYw6rEZHB2fPRvwFimrhzxecA5SBS','룩궁금러','FEMALE',160,48,'LOCAL',NULL,'https://picsum.photos/seed/u13/200','https://picsum.photos/seed/u13b/200','seed_u13',1,'2026-02-04 13:25:46',NULL),(54,'$2a$10$ZDuKdFAcmZHiP1xGWs/vD.0/dYw6rEZHB2fPRvwFimrhzxecA5SBS','오늘뭐입지','MALE',174,69,'LOCAL',NULL,'https://picsum.photos/seed/u14/200','https://picsum.photos/seed/u14b/200','seed_u14',1,'2026-02-04 13:25:46',NULL),(55,'$2a$10$ZDuKdFAcmZHiP1xGWs/vD.0/dYw6rEZHB2fPRvwFimrhzxecA5SBS','코디새싹','FEMALE',158,47,'LOCAL',NULL,'https://picsum.photos/seed/u15/200','https://picsum.photos/seed/u15b/200','seed_u15',1,'2026-02-04 13:25:46',NULL),(56,'$2a$10$ZDuKdFAcmZHiP1xGWs/vD.0/dYw6rEZHB2fPRvwFimrhzxecA5SBS','깔끔취향','MALE',179,74,'LOCAL',NULL,'https://picsum.photos/seed/u16/200','https://picsum.photos/seed/u16b/200','seed_u16',1,'2026-02-04 13:25:46',NULL),(57,'$2a$10$ZDuKdFAcmZHiP1xGWs/vD.0/dYw6rEZHB2fPRvwFimrhzxecA5SBS','대충입는듯','MALE',172,67,'LOCAL',NULL,'https://picsum.photos/seed/u17/200','https://picsum.photos/seed/u17b/200','seed_u17',1,'2026-02-04 13:25:46',NULL),(58,'$2a$10$ZDuKdFAcmZHiP1xGWs/vD.0/dYw6rEZHB2fPRvwFimrhzxecA5SBS','패션메모장','FEMALE',167,55,'LOCAL',NULL,'https://picsum.photos/seed/u18/200','https://picsum.photos/seed/u18b/200','seed_u18',1,'2026-02-04 13:25:46',NULL),(59,'$2a$10$ZDuKdFAcmZHiP1xGWs/vD.0/dYw6rEZHB2fPRvwFimrhzxecA5SBS','톤온톤좋아','FEMALE',161,49,'LOCAL',NULL,'https://picsum.photos/seed/u19/200','https://picsum.photos/seed/u19b/200','seed_u19',1,'2026-02-04 13:25:46',NULL),(60,'$2a$10$ZDuKdFAcmZHiP1xGWs/vD.0/dYw6rEZHB2fPRvwFimrhzxecA5SBS','심플최고','MALE',181,77,'LOCAL',NULL,'https://picsum.photos/seed/u20/200','https://picsum.photos/seed/u20b/200','seed_u20',1,'2026-02-04 13:25:46',NULL),(61,'$2a$10$ZDuKdFAcmZHiP1xGWs/vD.0/dYw6rEZHB2fPRvwFimrhzxecA5SBS','코트러버','FEMALE',165,52,'LOCAL',NULL,'https://picsum.photos/seed/u21/200','https://picsum.photos/seed/u21b/200','seed_u21',1,'2026-02-04 13:25:46',NULL),(62,'$2a$10$ZDuKdFAcmZHiP1xGWs/vD.0/dYw6rEZHB2fPRvwFimrhzxecA5SBS','자켓충','MALE',176,70,'LOCAL',NULL,'https://picsum.photos/seed/u22/200','https://picsum.photos/seed/u22b/200','seed_u22',1,'2026-02-04 13:25:46',NULL),(63,'$2a$10$ZDuKdFAcmZHiP1xGWs/vD.0/dYw6rEZHB2fPRvwFimrhzxecA5SBS','색감초보','FEMALE',159,46,'LOCAL',NULL,'https://picsum.photos/seed/u23/200','https://picsum.photos/seed/u23b/200','seed_u23',1,'2026-02-04 13:25:46',NULL),(64,'$2a$10$ZDuKdFAcmZHiP1xGWs/vD.0/dYw6rEZHB2fPRvwFimrhzxecA5SBS','룩피드중독','MALE',173,66,'LOCAL',NULL,'https://picsum.photos/seed/u24/200','https://picsum.photos/seed/u24b/200','seed_u24',1,'2026-02-04 13:25:46',NULL),(65,'$2a$10$61FgqUB9IkTMMfYkC2LA7.zzR4OHFEfPE7n3bYfkpHD7RPWihw0Aa','closetory','MALE',178,70,'LOCAL',NULL,'https://closetory-s3.s3.ap-northeast-2.amazonaws.com/images/5823aa3f-4396-4fdb-90ba-e937104e4855-upload_1770351318542.jpg','https://closetory-s3.s3.ap-northeast-2.amazonaws.com/images/f64a8236-0426-4d40-861f-92269459675c-upload_1770270346386.jpg','ssafy102',0,'2026-02-05 14:37:04',NULL),(66,'$2a$10$ML3RtK7irojcUvhlt45coeVjt/MJhAaScSSEVJCngB5xzDmjUQKcO','nickname','FEMALE',170,70,'LOCAL',NULL,NULL,'https://closetory-s3.s3.ap-northeast-2.amazonaws.com/images/29044b28-317c-4ddd-bc06-3323dfa67728-upload_1770272170769.jpg','nickname1234',0,'2026-02-05 14:57:34',NULL),(67,'$2a$10$OZRKO3Bq2fx9v5.fgt3QS.1XU0AKkHd9HVU/DXhm54pqrpdmI09Ma','봉구스박보검','MALE',182,75,'LOCAL',NULL,'https://closetory-s3.s3.ap-northeast-2.amazonaws.com/images/de57984b-ada4-4717-a0b4-0fbdf77fc374-upload_1770338820360.jpg','https://closetory-s3.s3.ap-northeast-2.amazonaws.com/images/6282a8e0-c7ff-46ff-ade6-74171a2e2390-upload_1770348010126.jpg','admin02',0,'2026-02-06 00:32:50',NULL),(68,'$2a$10$kuwJtFtlzFDZ/Wp8hHZufOmyDZjdLMNkAD8QMjsz.U0.XqH2dvqjq','안녕','MALE',100,100,'LOCAL',NULL,NULL,NULL,'test1234',0,'2026-02-06 10:55:02',NULL),(69,'$2a$10$7xYLxKsKcPLOqgTnp5hGPurNg3JInwfif6Nk3cF1pvBiRxMvTw2ku','dkssud','MALE',180,60,'LOCAL',NULL,NULL,NULL,'dkssud',0,'2026-02-06 16:23:48',NULL),(70,'$2a$10$viE393aRMSUNxfNcuiarv.pa68572C0Gd.B8FRkidOFJYEoe32Duu','진윤세','FEMALE',178,68,'LOCAL',NULL,NULL,'https://closetory-s3.s3.ap-northeast-2.amazonaws.com/images/5ecb15cb-dc30-44b9-b686-9dc15dd15007-upload_1770445494732.jpg','jinyunse',0,'2026-02-07 15:13:17',NULL),(71,'$2a$10$0K8rjWyj6/kgg2IrRaS2.emedDws4NOngrkoLssXSmrIXKtYCpuE.','오싸피','MALE',165,62,'LOCAL',NULL,NULL,'https://closetory-s3.s3.ap-northeast-2.amazonaws.com/images/b88ff56d-c6c2-4d86-a37a-f882f3b9cc5b-upload_1770461451921.jpg','owt',0,'2026-02-07 19:49:00',NULL),(72,'$2a$10$A3sbJI/ZvnD78nrIe6H08e6enp2/7246n0bsy3NcaaHR7jS.CpPMa','why','MALE',175,78,'LOCAL',NULL,NULL,NULL,'whynot',0,'2026-02-07 20:18:17',NULL);
/*!40000 ALTER TABLE `users` ENABLE KEYS */;
UNLOCK TABLES;
/*!40103 SET TIME_ZONE=@OLD_TIME_ZONE */;

/*!40101 SET SQL_MODE=@OLD_SQL_MODE */;
/*!40014 SET FOREIGN_KEY_CHECKS=@OLD_FOREIGN_KEY_CHECKS */;
/*!40014 SET UNIQUE_CHECKS=@OLD_UNIQUE_CHECKS */;
/*!40101 SET CHARACTER_SET_CLIENT=@OLD_CHARACTER_SET_CLIENT */;
/*!40101 SET CHARACTER_SET_RESULTS=@OLD_CHARACTER_SET_RESULTS */;
/*!40101 SET COLLATION_CONNECTION=@OLD_COLLATION_CONNECTION */;
/*!40111 SET SQL_NOTES=@OLD_SQL_NOTES */;

-- Dump completed on 2026-02-08 22:51:02
